,state,"Share with Subprime Credit Score, All","Share with Subprime Credit Score, Communities of Color","Share with Subprime Credit Score, Majority White Communities","Share with Any Debt in Collections, All","Share with Any Debt in Collections, Communities of Color","Share with Any Debt in Collections, Majority White Communities","Median Debt in Collections, All","Median Debt in Collections, Communities of Color","Median Debt in Collections, Majority White Communities","Average Credit Card Utilization, All","Average Credit Card Utilization, Communities of Color","Average Credit Card Utilization, Majority White Communities","Student Loan Delinquency Rate (60+), All","Student Loan Delinquency Rate (60+), Communities of Color","Student Loan Delinquency Rate (60+), Majority White Communities","Credit Card Delinquency Rate (30+), All","Credit Card Delinquency Rate (30+), Communities of Color","Credit Card Delinquency Rate (30+), Majority White Communities","Auto/Retail Loan Delinquency Rate (60+), All","Auto/Retail Loan Delinquency Rate (60+), Communities of Color","Auto/Retail Loan Delinquency Rate (60+), Majority White Communities","Mortgage Delinquency Rate (30+), All","Mortgage Delinquency Rate (30+), Communities of Color","Mortgage Delinquency Rate (30+), Majority White Communities","Share with AFS Credit, All","Share with AFS Credit, Communities of Color","Share with AFS Credit, Majority White Communities","AFS Credit Delinquency Rate (30+), All","AFS Credit Delinquency Rate (30+), Communities of Color","AFS Credit Delinquency Rate (30+), Majority White Communities","Median Credit Score, All","Median Credit Score, Communities of Color","Median Credit Score, Majority White Communities","Median Medical Debt in Collections, All","Median Medical Debt in Collections, Communities of Color","Median Medical Debt in Collections, Majority White Communities","Share with Medical Debt in Collections, All","Share with Medical Debt in Collections, Communities of Color","Share with Medical Debt in Collections, Majority White Communities"
0,AK,25.02,35.15,19.97,27.11,32.68,22.65,2073,1248,2205,35.37,44.28,33.71,17.92,21.95,15.48,5.07,10.06,4.19,2.51,2.26,1.98,2.62,3.19,2.49,4.25,8.3,2.54,35.21,26.56,31.39,690,638.0,712,1255,752,1248,15.15,9.21,13.36
1,AL,33.45,51.47,28.7,38.05,56.75,33.14,1917,1916,1916,32.84,42.32,31.13,20.4,30.11,17.4,7.62,13.0,6.66,7.33,12.11,6.1,4.1,7.38,3.69,8.18,13.15,6.83,18.81,24.56,16.83,665,587.0,676,973,1055,931,19.86,27.47,17.94
2,AR,32.93,52.27,30.24,37.97,58.2,35.07,1671,1847,1650,32.51,42.17,31.49,21.84,34.53,19.69,7.83,15.56,7.22,5.11,11.37,4.39,3.74,7.1,3.53,2.61,3.6,2.43,8.68,7.03,8.11,667,589.0,675,647,611,655,20.51,23.87,19.82
3,AZ,26.45,41.21,18.94,32.4,47.48,24.48,2051,1995,2037,30.06,37.57,26.8,18.37,25.69,14.93,5.99,9.83,4.65,4.51,8.28,2.88,2.4,5.05,1.6,4.67,6.91,3.56,11.26,11.59,11.16,684,630.0,721,938,1008,892,17.52,23.56,13.88
4,CA,20.73,24.98,14.1,23.74,28.08,17.08,1842,1848,1679,27.83,30.0,24.54,15.12,17.78,10.97,5.48,6.82,3.71,3.98,5.16,2.02,2.13,2.74,1.34,4.42,5.44,2.64,16.85,16.74,15.9,704,680.0,736,770,793,716,8.71,9.5,7.51
5,CO,20.41,34.63,16.74,24.61,40.45,20.51,1682,1401,1730,27.83,34.8,26.24,14.03,19.4,12.36,4.57,7.9,3.98,2.7,4.99,2.24,1.79,3.41,1.5,4.08,7.45,3.21,14.77,17.46,13.13,720,659.0,735,770,639,789,13.66,22.49,11.46
6,CT,21.39,40.67,14.96,25.66,44.95,18.95,1625,1505,1656,28.25,39.15,25.64,13.03,21.99,9.88,5.45,11.33,4.04,2.88,6.42,1.98,3.67,6.9,3.2,1.42,2.5,0.99,12.95,13.33,10.85,716,636.0,740,542,558,504,11.87,17.88,9.45
7,DC,26.1,38.1,7.01,28.2,41.02,7.53,1468,1535,966,29.38,36.99,19.89,16.43,22.72,5.05,5.85,9.14,1.96,6.01,7.7,0.77,2.34,3.74,0.69,2.6,3.79,0.43,11.46,13.33,0.0,693,649.0,754,549,570,382,8.59,11.9,2.75
8,DE,26.05,44.13,20.68,31.8,51.09,25.97,1891,1865,1808,29.73,39.28,27.13,16.04,24.94,12.31,6.39,12.08,5.11,4.1,7.2,3.31,3.37,7.63,2.81,5.87,9.83,4.57,11.57,13.27,9.5,690,618.0,717,790,864,744,18.46,30.94,15.13
9,FL,26.81,33.83,21.91,33.14,39.48,28.54,2186,2240,2146,31.66,37.52,27.97,18.69,21.01,16.62,7.2,9.95,5.54,4.37,6.04,3.37,3.41,4.74,2.63,4.52,5.33,3.85,9.11,10.33,8.41,680,658.0,710,1012,1027,996,18.58,20.19,17.03
10,GA,32.71,43.48,26.29,37.7,48.64,31.35,1948,2029,1874,35.09,42.6,31.62,19.42,23.94,15.4,8.33,13.04,6.14,6.57,9.41,4.9,3.94,6.16,3.18,5.61,7.59,4.36,7.87,9.16,7.17,665,621.0,683,942,905,994,19.91,23.2,18.07
11,HI,16.6,16.72,18.85,18.09,18.05,22.13,1999,1946,0,28.47,28.54,31.45,14.2,13.82,0.0,5.18,5.24,6.58,3.67,3.71,1.69,2.24,2.21,0.0,3.98,4.08,3.28,14.84,15.38,0.0,720,719.0,703,376,382,0,6.77,6.72,8.2
12,IA,19.85,46.5,19.1,23.03,42.68,22.21,1647,1646,1685,25.1,33.11,24.81,14.51,0.0,14.22,4.68,11.48,4.57,2.7,0.0,2.63,2.37,0.0,2.24,2.51,1.91,2.42,9.08,0.0,9.09,724,621.0,727,598,0,598,11.77,14.01,11.37
13,ID,19.76,35.94,19.31,22.9,42.19,22.41,2307,0,2324,27.59,0.0,27.44,14.55,0.0,14.36,4.31,0.0,4.2,2.84,0.0,2.72,2.08,0.0,2.05,6.12,7.81,6.04,11.56,0.0,11.27,712,643.0,714,1060,0,1052,13.82,25.0,13.52
14,IL,23.65,41.42,18.12,28.53,46.32,22.95,1547,1532,1601,28.12,38.55,25.53,14.51,23.62,11.6,5.38,10.45,4.21,4.02,7.51,3.09,3.26,5.92,2.81,3.95,6.78,3.1,11.34,12.66,10.26,704,632.0,730,635,625,656,15.12,20.82,13.34
15,IN,27.06,48.12,24.35,31.79,53.46,28.99,1872,1868,1863,29.58,41.11,28.6,18.49,31.22,16.54,5.98,11.83,5.44,3.93,8.64,3.47,3.43,7.32,3.24,5.26,8.53,4.85,8.52,11.57,7.69,682,600.0,695,796,721,813,19.99,31.54,18.58
16,KS,23.49,42.09,20.35,27.88,47.32,24.56,1746,1554,1750,26.9,34.54,25.77,16.09,31.69,14.3,4.63,7.76,4.14,3.02,4.53,2.63,2.25,3.46,2.05,3.7,5.23,3.33,9.23,13.51,7.95,704,633.0,719,845,904,827,17.99,31.21,15.89
17,KY,29.87,63.13,28.38,35.77,69.0,34.3,1342,1168,1348,29.64,43.52,28.99,20.33,36.6,19.72,6.61,18.63,6.29,4.75,12.36,4.56,3.28,6.48,3.16,4.8,7.34,4.62,7.16,11.11,6.95,675,552.0,676,526,573,517,19.79,40.21,19.04
18,LA,35.04,48.68,29.29,42.14,56.17,36.29,1899,1865,1938,33.96,40.89,31.7,20.94,26.04,17.64,7.78,11.75,6.55,6.84,10.39,5.38,4.93,8.01,4.06,6.29,9.05,5.11,18.91,21.95,16.88,660,600.0,675,865,826,906,23.83,28.51,21.71
19,MA,17.2,34.27,13.8,19.41,36.83,16.11,1549,1468,1594,25.81,37.24,24.24,10.71,18.89,9.03,4.89,9.53,4.1,2.6,6.57,2.01,2.49,5.03,2.31,1.43,3.52,1.08,13.32,11.6,14.66,729,654.0,743,384,408,367,4.72,7.07,4.33
20,MD,25.25,34.65,18.87,28.49,38.37,21.79,1569,1684,1463,31.1,37.95,27.45,15.34,19.28,11.83,6.68,9.7,5.08,4.27,6.24,3.0,3.71,5.81,2.85,3.31,4.76,2.42,9.15,10.49,8.19,695,659.0,728,530,570,493,13.71,17.64,11.2
21,ME,21.45,0.0,21.41,28.18,0.0,28.13,1694,0,1706,28.1,0.0,28.09,13.57,0.0,13.47,4.96,0.0,4.95,2.11,0.0,2.13,3.14,0.0,3.14,2.94,0.0,2.96,6.41,0.0,6.46,711,0.0,712,846,0,853,18.76,0.0,18.75
22,MI,24.63,53.49,20.4,29.96,60.67,25.51,1553,1879,1460,28.45,45.22,26.94,17.84,36.16,14.63,5.51,14.36,4.7,3.65,10.36,2.97,2.63,5.85,2.48,3.85,8.62,3.15,9.95,11.62,9.32,703,573.0,720,501,476,510,16.25,25.63,14.73
23,MN,14.14,33.88,12.96,15.12,36.43,13.8,1700,1553,1720,24.61,35.92,24.1,11.18,25.18,10.27,3.77,7.78,3.56,2.06,5.29,1.89,2.04,4.13,1.97,1.97,3.07,1.89,8.44,11.36,8.08,738,655.0,743,415,500,406,2.64,4.99,2.49
24,MO,26.97,55.89,23.52,32.55,62.98,28.91,1948,2118,1913,28.42,41.15,27.28,18.25,31.6,16.36,5.53,12.23,4.96,4.54,11.16,3.88,2.91,7.64,2.58,5.73,11.8,5.0,11.22,13.97,10.6,689,568.0,705,842,992,812,19.35,35.06,17.47
25,MS,36.0,48.76,29.86,39.51,51.85,33.57,1774,1762,1741,36.23,43.05,34.21,22.61,29.47,18.29,10.03,14.9,8.45,8.05,11.62,6.22,5.95,9.43,4.87,7.15,8.83,6.26,17.39,19.59,15.93,653,599.0,671,930,1019,894,19.41,21.82,17.75
26,MT,19.87,50.94,18.62,22.82,55.32,21.51,1837,2480,1816,27.17,41.8,26.77,15.54,40.35,14.77,3.9,9.35,3.82,2.72,8.13,2.53,1.91,0.0,1.86,2.3,4.18,2.19,7.01,0.0,6.98,718,584.0,722,811,1169,792,13.63,28.18,13.02
27,NC,28.4,39.83,24.0,35.67,47.87,30.98,1670,1717,1633,30.74,37.74,28.5,16.64,21.51,13.94,6.81,11.29,5.67,5.08,7.71,4.06,3.42,5.67,2.93,4.95,6.67,4.21,8.21,10.29,7.22,678,638.0,702,750,730,773,22.92,28.88,20.67
28,ND,16.46,37.54,15.81,17.69,44.19,16.86,2158,1933,2175,26.47,41.68,26.23,11.52,0.0,11.28,4.15,9.38,4.05,2.29,10.26,2.09,1.9,0.0,1.92,4.25,5.32,4.2,9.96,0.0,9.7,726,621.0,728,681,0,663,7.5,13.29,7.31
29,NE,18.16,36.92,16.04,19.97,40.75,17.6,2003,1951,2097,26.01,33.71,25.22,12.05,22.16,11.44,4.73,11.25,4.3,2.87,7.04,2.49,2.14,4.86,2.0,3.17,5.1,2.94,10.15,8.33,10.6,722,647.0,731,600,524,626,7.88,15.17,7.01
30,NH,16.72,0.0,16.72,20.04,0.0,20.03,1674,0,1681,26.61,0.0,26.62,11.67,0.0,11.65,4.74,0.0,4.75,2.7,0.0,2.68,2.75,0.0,2.73,2.05,0.0,2.04,7.43,0.0,7.33,726,0.0,727,521,0,521,8.33,0.0,8.3
31,NJ,21.37,34.0,14.7,25.43,38.28,18.65,1379,1287,1455,27.66,34.28,24.82,13.26,20.11,9.44,5.52,8.76,4.19,3.21,5.87,2.14,3.6,5.1,3.14,2.14,2.98,1.64,11.68,12.46,10.03,711,661.0,737,529,550,505,13.62,20.12,10.26
32,NM,29.8,35.52,18.99,36.31,42.46,23.81,1761,1749,1821,31.67,34.54,25.44,20.57,23.69,15.93,6.19,7.21,4.41,6.59,8.68,3.13,3.81,5.2,1.56,7.72,9.5,3.91,10.69,10.4,10.42,670,651.0,726,798,782,844,19.56,22.02,13.64
33,NV,30.55,42.01,21.39,36.17,47.95,26.53,2132,1964,2155,32.84,38.23,28.71,21.34,26.97,17.0,7.52,10.49,5.58,5.18,8.17,3.12,2.4,4.18,1.69,9.94,13.01,6.77,19.01,20.97,16.68,672,630.0,711,959,927,1052,19.95,25.17,15.97
34,NY,20.34,28.62,15.96,22.64,30.14,18.76,1755,1686,1850,28.38,35.45,25.35,13.95,19.31,10.99,5.95,9.39,4.44,3.19,5.89,2.25,3.38,5.26,3.01,1.46,2.06,1.21,7.24,8.68,5.41,713,670.0,734,476,446,483,6.69,5.87,7.36
35,OH,26.24,51.56,22.7,32.09,57.04,28.55,1529,1606,1502,28.2,40.92,26.98,17.74,31.16,15.42,5.78,12.53,5.12,3.67,8.81,3.09,2.86,5.81,2.66,7.38,12.46,6.7,9.31,12.85,8.4,691,585.0,709,621,658,614,17.58,23.5,16.62
36,OK,32.7,53.12,29.34,38.62,60.3,35.16,2122,1901,2130,31.99,37.99,31.14,23.38,44.39,20.39,6.44,12.41,5.97,5.52,9.5,5.03,3.85,5.71,3.61,5.0,5.73,4.66,16.47,16.03,15.55,667,576.0,675,1052,1100,1032,25.0,38.61,23.06
37,OR,18.07,0.0,17.34,20.08,0.0,19.33,1540,0,1552,27.17,0.0,26.92,15.2,0.0,14.77,4.13,0.0,4.04,2.19,0.0,2.11,1.65,0.0,1.54,3.2,0.0,3.1,9.67,0.0,9.17,718,0.0,721,589,0,586,7.58,0.0,7.25
38,PA,22.44,48.66,18.74,27.12,54.51,23.26,1821,1791,1824,27.4,42.71,25.9,14.85,30.8,12.3,5.66,14.04,4.86,3.19,9.08,2.6,3.6,9.74,3.19,3.37,5.81,3.02,6.72,8.8,6.13,716,596.0,729,546,506,550,11.91,16.07,11.29
39,RI,22.38,39.56,18.44,25.0,40.79,21.32,1794,1701,1803,29.01,39.24,27.21,14.9,22.2,13.16,5.77,10.82,4.86,2.78,5.68,2.4,3.42,4.11,3.3,2.36,3.32,2.15,11.73,20.21,8.19,708,643.0,724,498,439,498,6.26,8.61,5.7
40,SC,32.72,46.32,27.74,41.31,56.1,35.88,2197,2182,2236,32.27,39.51,30.34,19.42,25.94,17.17,7.16,12.18,6.1,7.12,11.62,5.56,4.05,7.89,3.46,6.58,8.55,5.76,8.14,9.93,7.57,668,612.0,680,999,963,1033,26.54,33.58,23.83
41,SD,15.9,46.3,14.62,17.03,48.04,15.65,2201,2546,2201,26.7,37.38,26.45,10.36,22.41,10.1,4.46,10.81,4.39,2.89,16.55,2.52,2.05,0.0,2.01,3.44,4.78,3.42,14.75,0.0,14.85,725,593.0,729,621,0,614,4.48,10.0,4.2
42,TN,29.98,54.09,26.64,35.73,59.91,32.52,1947,2144,1916,30.37,43.87,28.84,18.99,28.68,17.04,6.3,13.87,5.53,5.23,10.29,4.64,3.33,8.49,2.96,5.42,10.09,4.69,15.1,21.61,13.09,675,574.0,690,949,1032,952,21.44,31.29,20.61
43,TX,32.03,40.12,23.65,40.96,49.38,32.37,2102,2086,2109,33.07,37.13,29.49,17.54,20.68,14.23,6.95,9.08,5.15,6.65,9.05,4.37,4.02,5.8,2.73,5.65,6.95,4.23,10.1,10.37,9.36,666,637.0,696,1013,1056,995,23.25,25.63,20.77
44,UT,19.3,36.75,17.95,21.91,41.14,20.59,1891,1693,1920,28.42,35.37,27.86,12.99,25.53,12.21,4.24,7.33,4.06,2.95,5.46,2.8,1.92,2.96,1.89,4.12,6.37,3.91,11.23,14.06,10.64,712,649.0,717,1001,894,1012,13.99,25.1,13.18
45,VA,24.21,36.1,20.93,28.22,41.22,24.9,1776,1861,1693,29.41,36.02,27.58,14.19,20.12,11.99,5.35,8.4,4.52,3.55,5.2,3.02,2.73,3.78,2.53,4.2,5.42,3.88,8.05,9.56,7.69,706,656.0,722,751,795,720,17.59,25.1,15.79
46,VT,15.81,0.0,15.76,18.84,0.0,18.8,1702,0,1702,26.16,0.0,26.21,10.42,0.0,10.51,4.47,0.0,4.46,2.43,0.0,2.39,2.43,0.0,2.45,0.64,0.0,0.65,15.15,0.0,15.15,727,0.0,728,487,0,487,5.54,0.0,5.54
47,WA,16.66,22.77,15.21,18.69,24.45,17.22,1794,1809,1761,27.25,30.35,26.84,12.62,15.67,11.81,4.1,6.32,3.78,2.48,3.38,2.26,1.62,2.25,1.52,5.45,7.5,4.87,9.31,10.45,8.88,725,690.0,731,637,620,616,6.12,7.26,5.67
48,WI,19.41,52.73,16.43,23.54,58.14,20.44,1854,1853,1853,24.8,40.14,24.04,13.09,29.26,11.31,3.83,11.19,3.44,2.95,9.46,2.53,1.91,4.0,1.82,4.14,10.61,3.59,9.53,10.27,9.33,729,580.0,739,1037,1066,1023,15.17,33.6,13.49
49,WV,31.6,0.0,31.46,40.45,0.0,40.31,1643,0,1634,30.93,0.0,30.79,20.62,0.0,20.51,6.98,0.0,6.91,4.17,0.0,4.14,4.03,0.0,4.0,3.77,0.0,3.77,4.92,0.0,4.93,671,0.0,672,658,0,656,27.84,0.0,27.78
50,WY,22.84,71.7,22.48,27.17,83.02,26.77,2478,0,2496,28.53,0.0,28.47,12.87,0.0,12.9,4.51,0.0,4.44,2.68,0.0,2.59,2.1,0.0,2.11,4.2,3.77,4.16,12.43,0.0,12.89,705,524.0,707,1455,0,1456,19.3,66.04,18.94
51,AK,24.23,35.06,19.28,26.88,31.82,22.38,2130,1315,2242,32.52,40.59,30.92,14.81,21.52,13.04,4.6,9.35,3.74,2.36,2.31,1.61,2.66,5.56,2.43,4.34,8.44,2.71,33.41,21.54,32.19,696,644.0,718,1271,759,1289,15.0,8.83,13.1
52,AL,32.36,50.18,27.71,37.64,56.12,32.82,1946,1966,1938,30.62,39.55,28.93,15.86,24.03,13.16,6.82,11.99,5.87,7.17,11.93,6.03,3.5,6.08,3.13,8.42,13.57,7.07,17.94,22.8,15.99,668,593.0,679,949,1049,907,19.43,27.38,17.49
53,AR,31.8,50.8,29.11,37.7,57.43,34.86,1657,1798,1629,30.04,39.08,29.06,16.86,26.89,14.99,7.14,13.46,6.66,4.91,10.28,4.39,3.21,4.45,3.08,2.83,3.91,2.64,6.99,6.47,6.3,670,593.0,675,630,618,640,19.77,22.31,19.18
54,AZ,25.32,39.79,18.04,32.13,47.2,24.33,2035,1993,2011,27.68,34.52,24.66,15.36,21.32,12.36,5.57,9.18,4.31,4.25,7.43,2.81,1.99,4.05,1.35,4.92,7.37,3.68,9.59,9.8,9.13,687,636.0,723,920,995,875,17.22,23.27,13.68
55,CA,19.99,24.08,13.62,23.98,28.35,17.26,1861,1874,1665,25.54,27.74,22.29,11.75,13.5,8.9,5.28,6.55,3.65,3.9,5.04,2.05,1.84,2.3,1.25,4.57,5.63,2.72,15.99,15.96,15.4,707,683.0,739,771,797,715,9.45,10.43,7.92
56,CO,19.57,33.47,16.01,24.3,39.89,20.25,1668,1349,1730,25.52,32.36,23.93,11.72,15.45,10.23,4.4,7.72,3.83,2.59,4.42,2.13,1.56,2.73,1.33,4.23,7.64,3.35,13.68,17.87,11.48,723,663.0,739,752,631,778,13.27,21.79,11.11
57,CT,20.59,39.69,14.12,25.47,44.91,18.6,1554,1417,1590,25.82,36.14,23.32,10.49,17.65,8.01,5.21,10.49,3.92,2.94,6.85,2.0,3.25,6.21,2.77,1.48,2.72,1.01,12.09,11.07,10.66,720,639.0,744,515,514,495,11.58,17.55,9.09
58,DC,25.16,36.89,6.31,28.07,40.45,7.76,1441,1513,955,25.75,33.24,16.29,13.82,19.14,4.17,5.87,8.99,2.05,6.31,8.19,1.27,2.5,3.53,1.71,2.57,3.79,0.39,8.71,8.06,0.0,698,655.0,759,569,601,405,8.46,11.64,2.79
59,DE,25.2,43.24,19.93,31.29,51.05,25.35,1862,1932,1738,27.22,35.89,24.8,12.66,20.99,8.9,5.7,10.79,4.57,3.91,7.05,3.1,3.16,6.26,2.66,6.03,10.29,4.66,9.58,11.86,7.82,695,626.0,720,756,910,686,17.59,30.51,14.23
60,FL,25.59,32.38,20.87,32.58,38.95,27.94,2184,2211,2149,29.18,34.68,25.7,15.06,16.75,13.45,6.83,9.57,5.23,4.23,5.84,3.23,2.95,4.16,2.32,4.76,5.65,4.05,7.75,8.82,7.03,684,661.0,713,969,965,973,17.81,19.46,16.23
61,GA,31.51,41.94,25.27,37.29,48.29,30.94,1911,1999,1835,32.41,39.36,29.22,15.91,20.1,12.63,7.66,11.79,5.71,6.25,8.91,4.77,3.27,5.23,2.56,5.85,8.0,4.55,6.57,7.53,6.18,668,628.0,687,880,841,910,18.92,22.1,17.14
62,HI,16.41,16.46,15.75,18.36,18.18,21.26,1965,1966,0,26.19,26.17,26.2,12.63,12.52,0.0,5.25,5.33,5.13,3.84,3.87,0.0,2.22,2.21,0.0,4.12,4.25,2.36,12.47,13.02,0.0,721,720.0,698,398,407,0,6.99,6.85,7.87
63,IA,18.63,42.11,17.91,22.52,41.45,21.72,1646,912,1682,23.22,30.06,22.93,11.96,0.0,11.76,4.25,10.34,4.14,2.45,0.0,2.39,1.88,0.0,1.78,2.64,2.63,2.55,6.98,0.0,7.07,728,635.0,731,597,0,596,11.31,10.53,10.93
64,ID,18.43,33.87,17.97,22.2,43.55,21.7,2142,0,2164,25.58,0.0,25.43,11.71,0.0,11.51,4.07,0.0,4.01,2.94,0.0,2.82,1.29,0.0,1.25,6.38,9.68,6.29,11.17,0.0,10.96,715,647.0,717,904,0,904,12.83,25.81,12.5
65,IL,22.44,39.55,17.02,27.8,45.39,22.23,1541,1538,1584,25.56,35.38,23.04,12.02,19.68,9.59,4.97,9.52,3.85,3.98,7.58,3.02,2.7,4.67,2.33,4.13,7.1,3.22,9.9,11.37,8.98,710,640.0,735,610,619,621,13.84,19.01,12.19
66,IN,25.87,46.27,23.24,31.38,52.94,28.62,1884,1868,1879,27.0,37.63,26.11,15.25,25.87,13.61,5.49,10.78,5.02,3.75,8.11,3.34,2.83,6.07,2.66,5.44,8.79,5.02,6.85,8.89,6.16,686,608.0,700,783,693,805,19.47,30.79,18.08
67,KS,22.7,40.7,19.59,27.55,46.97,24.24,1746,1562,1742,24.88,32.62,23.75,14.15,29.97,12.5,4.29,7.69,3.91,2.81,4.56,2.5,2.17,4.52,1.96,3.88,5.74,3.44,8.26,10.56,6.92,708,637.0,722,839,849,827,17.72,30.72,15.64
68,KY,28.78,61.14,27.28,35.49,68.73,33.99,1333,1207,1338,27.37,42.63,26.77,16.88,30.83,16.41,5.96,16.28,5.71,4.55,10.08,4.37,3.03,4.59,2.92,5.06,7.34,4.85,6.05,4.49,6.06,675,552.0,679,506,584,500,19.18,40.02,18.45
69,LA,34.09,47.26,28.54,41.97,56.0,36.15,1902,1897,1921,31.35,37.65,29.25,16.85,20.73,14.51,7.1,10.49,5.95,6.73,9.95,5.38,4.38,7.41,3.59,6.5,9.24,5.27,17.68,21.25,14.95,664,606.0,677,854,806,893,23.38,28.1,21.28
70,MA,16.43,32.28,13.24,19.14,35.78,15.9,1580,1500,1637,23.29,33.95,21.83,8.55,14.86,7.24,4.74,9.21,3.93,2.4,5.62,1.91,2.14,4.15,2.03,1.48,3.63,1.12,11.16,11.41,11.73,733,661.0,745,386,416,370,4.44,6.26,4.08
71,MD,24.19,33.36,17.98,28.32,38.05,21.73,1594,1707,1451,28.81,35.49,25.27,13.06,16.23,9.99,6.28,9.07,4.77,4.03,5.91,2.87,3.23,5.15,2.41,3.5,4.96,2.6,6.9,7.96,5.39,698,662.0,732,510,549,468,13.28,17.04,10.82
72,ME,20.87,0.0,20.85,27.85,0.0,27.83,1717,0,1720,25.79,0.0,25.78,10.37,0.0,10.24,4.84,0.0,4.83,2.1,0.0,2.12,2.92,0.0,2.93,3.08,0.0,3.09,5.38,0.0,5.44,714,0.0,714,877,0,885,18.89,0.0,18.9
73,MI,23.58,52.09,19.43,29.6,60.45,25.14,1521,1859,1421,26.01,41.44,24.64,15.13,30.8,12.38,5.11,13.0,4.36,3.54,10.17,2.91,2.02,5.4,1.84,4.03,9.1,3.29,8.39,8.39,8.1,707,578.0,723,474,450,484,15.55,24.77,14.06
74,MN,13.47,31.2,12.36,14.9,34.77,13.64,1738,1545,1764,22.56,32.52,22.06,9.02,22.05,8.16,3.54,7.3,3.37,2.01,4.33,1.85,1.81,2.87,1.78,2.01,3.18,1.93,5.9,4.44,5.89,741,664.0,746,409,506,399,2.47,4.1,2.34
75,MO,26.11,54.19,22.72,32.43,62.55,28.78,1976,2147,1932,26.18,38.42,25.07,14.95,25.91,13.45,5.23,11.32,4.67,4.68,10.43,4.07,2.53,7.22,2.25,5.97,12.09,5.21,10.65,13.24,9.89,693,574.0,708,852,1020,820,19.24,34.79,17.36
76,MS,34.6,47.38,28.43,39.16,51.87,33.0,1763,1831,1719,33.6,39.44,31.83,18.37,23.83,15.11,9.21,13.53,7.76,7.43,10.66,5.6,5.12,8.22,4.07,7.39,9.16,6.45,15.78,16.72,14.73,657,605.0,674,871,988,833,18.58,21.58,16.67
77,MT,18.96,50.95,17.74,22.55,54.95,21.28,1739,2230,1756,25.16,37.97,24.82,13.05,34.55,12.37,3.61,12.14,3.49,2.73,9.21,2.51,1.45,0.0,1.4,2.52,4.63,2.4,4.73,0.0,4.75,721,585.0,724,776,1048,765,13.41,27.79,12.85
78,NC,27.14,37.84,22.99,35.17,47.3,30.5,1663,1709,1622,28.5,34.71,26.42,13.38,17.12,11.13,6.33,9.88,5.37,4.82,7.19,3.94,2.98,4.99,2.47,5.23,7.08,4.43,6.19,8.19,5.78,682,644.0,707,719,691,750,22.25,28.09,20.03
79,ND,15.72,40.59,14.92,17.37,43.56,16.5,2258,1677,2301,24.72,36.73,24.51,9.63,0.0,9.33,3.79,9.18,3.68,2.19,9.26,2.02,2.04,0.0,2.07,4.48,5.28,4.42,9.62,0.0,9.59,729,628.0,732,738,0,729,7.41,14.19,7.15
80,NE,17.17,36.31,15.02,19.79,39.93,17.45,1975,1968,2090,23.86,30.91,23.11,9.23,18.78,8.71,4.01,9.67,3.61,2.63,5.27,2.34,1.8,4.47,1.68,3.3,5.16,3.09,8.22,5.41,8.56,726,648.0,735,600,530,622,7.89,15.05,7.01
81,NH,15.86,0.0,15.86,20.09,0.0,20.05,1661,0,1670,24.48,0.0,24.5,9.49,0.0,9.47,4.44,0.0,4.43,2.63,0.0,2.6,2.33,0.0,2.33,2.22,0.0,2.21,5.87,0.0,5.94,729,0.0,729,512,0,513,8.26,0.0,8.23
82,NJ,20.4,32.37,14.1,25.22,37.89,18.61,1359,1257,1455,25.2,31.25,22.62,10.91,16.25,7.98,5.29,8.39,4.03,3.18,5.58,2.22,3.16,4.5,2.73,2.24,3.11,1.71,9.22,10.01,8.33,714,666.0,741,536,550,512,13.61,20.13,10.28
83,NM,28.51,34.05,17.51,35.87,41.84,23.4,1759,1715,1844,29.43,32.13,23.37,17.69,20.31,14.62,5.6,6.48,3.78,6.02,7.68,2.93,3.17,4.02,1.65,7.99,9.94,4.03,10.0,9.97,11.33,674,655.0,728,791,774,810,19.07,21.46,13.0
84,NV,29.29,40.47,20.42,35.79,47.37,26.25,2119,1972,2117,30.46,35.74,26.51,17.51,22.78,13.61,7.09,10.31,5.11,4.94,7.69,3.18,2.01,3.26,1.64,10.28,13.48,7.01,18.25,20.68,14.98,675,635.0,715,922,881,1032,19.48,24.68,15.57
85,NY,19.46,27.51,15.14,22.57,30.17,18.65,1748,1689,1839,25.77,32.47,22.93,11.32,15.58,9.07,5.84,9.17,4.28,3.17,5.82,2.23,3.04,4.92,2.65,1.58,2.22,1.33,5.03,5.75,3.64,716,673.0,738,470,431,486,6.61,5.93,7.21
86,OH,25.28,50.35,21.74,31.96,57.26,28.39,1532,1569,1516,25.78,38.11,24.61,14.51,25.41,12.59,5.4,11.77,4.8,3.65,8.35,3.11,2.49,5.03,2.34,7.51,12.66,6.82,8.54,11.74,7.69,695,591.0,712,620,653,615,17.35,23.54,16.38
87,OK,31.08,50.93,27.75,37.23,57.85,33.97,2190,1962,2194,29.46,34.67,28.63,18.76,36.64,16.16,6.2,10.76,5.83,5.45,9.05,4.98,3.58,4.29,3.56,5.3,6.34,4.92,15.17,17.25,14.17,671,586.0,676,1113,1130,1100,22.49,34.22,20.81
88,OR,17.25,0.0,16.5,19.89,0.0,19.13,1547,0,1567,25.0,0.0,24.77,13.12,0.0,12.7,3.87,0.0,3.75,2.1,0.0,2.02,1.39,0.0,1.3,3.36,0.0,3.28,8.92,0.0,8.97,721,0.0,723,585,0,589,7.4,0.0,7.08
89,PA,21.58,47.48,17.93,27.0,54.54,23.09,1822,1746,1843,25.13,39.17,23.76,12.81,26.43,10.57,5.26,12.89,4.54,3.03,8.28,2.49,3.06,8.49,2.7,3.66,6.2,3.29,4.37,6.48,3.78,719,601.0,733,543,514,543,11.62,15.91,10.99
90,RI,21.64,37.9,17.9,24.86,40.15,21.23,1789,1663,1837,26.53,35.02,24.95,11.81,17.89,10.53,5.33,10.23,4.5,2.48,4.86,2.17,3.27,3.89,3.11,2.43,3.41,2.22,8.42,13.4,6.21,711,648.0,727,496,480,488,6.27,8.33,5.76
91,SC,31.83,45.5,26.83,41.24,56.33,35.7,2189,2175,2220,29.95,36.83,28.02,16.25,22.03,14.13,6.64,11.11,5.71,7.08,11.61,5.51,3.42,6.33,2.93,6.81,9.04,5.91,7.08,9.94,5.81,671,615.0,684,997,970,1029,26.23,33.38,23.5
92,SD,15.41,46.98,14.09,17.08,48.71,15.68,2174,2549,2143,24.68,33.65,24.45,8.26,19.3,8.04,4.16,7.96,4.08,2.67,14.81,2.31,1.42,0.0,1.37,3.52,4.74,3.5,10.99,0.0,10.86,727,588.0,732,689,0,686,4.65,9.7,4.4
93,TN,28.75,51.91,25.61,35.13,58.4,32.03,1906,2036,1889,28.11,40.71,26.68,15.51,23.81,13.95,5.79,12.56,5.09,5.34,10.81,4.78,2.66,6.67,2.4,5.56,10.5,4.82,14.04,19.57,12.46,678,583.0,694,909,929,920,20.18,25.97,19.83
94,TX,30.96,38.89,22.75,40.83,49.26,32.16,2098,2084,2102,30.41,34.18,27.01,14.59,17.12,12.05,6.57,8.43,4.95,6.63,9.02,4.35,3.39,4.78,2.38,5.89,7.24,4.39,8.92,8.73,8.71,668,642.0,700,1000,1052,972,22.91,25.33,20.37
95,UT,18.58,37.02,17.21,21.74,40.97,20.43,1912,1833,1945,26.14,34.05,25.63,11.18,22.45,10.43,4.0,6.83,3.77,2.97,6.02,2.77,1.83,3.05,1.77,4.32,6.52,4.07,11.32,10.61,11.36,715,651.0,721,997,895,1009,13.85,24.88,13.04
96,VA,23.26,35.1,20.07,27.95,40.93,24.62,1772,1867,1694,26.99,33.36,25.26,11.49,15.55,9.59,5.03,8.04,4.26,3.47,4.93,3.14,2.3,3.34,2.11,4.38,5.74,4.04,7.92,10.17,6.43,709,659.0,725,752,832,715,17.26,24.87,15.39
97,VT,15.41,0.0,15.37,18.9,0.0,18.86,1652,0,1664,23.9,0.0,23.93,8.73,0.0,8.73,4.17,0.0,4.15,2.32,0.0,2.27,2.33,0.0,2.32,0.66,0.0,0.68,15.94,0.0,15.94,730,0.0,730,536,0,536,5.34,0.0,5.33
98,WA,15.72,21.51,14.38,18.27,24.11,16.85,1808,1728,1752,24.93,27.88,24.58,10.49,12.75,9.89,3.92,6.33,3.61,2.25,3.34,2.05,1.28,2.0,1.17,5.65,7.63,5.07,9.06,10.79,8.32,729,695.0,735,600,576,574,5.53,6.74,5.15
99,WI,17.56,49.34,14.74,21.2,54.41,18.26,1743,1684,1756,22.75,36.71,22.06,10.77,24.42,9.24,3.44,9.29,3.13,2.85,8.41,2.49,1.74,4.56,1.64,4.3,11.18,3.73,8.94,9.21,8.81,735,594.0,743,896,925,885,11.51,26.15,10.19
100,WV,30.69,0.0,30.58,40.37,0.0,40.28,1581,0,1568,28.56,0.0,28.45,16.65,0.0,16.46,6.53,0.0,6.47,3.96,0.0,3.93,3.08,0.0,3.07,4.29,0.0,4.28,2.83,0.0,2.9,674,0.0,674,648,0,645,27.24,0.0,27.18
101,WY,22.02,73.08,21.65,26.7,82.69,26.31,2594,0,2668,26.25,0.0,26.2,9.87,0.0,10.03,4.32,0.0,4.3,2.83,0.0,2.74,2.18,0.0,2.15,4.45,5.77,4.38,12.78,0.0,12.8,710,526.0,713,1483,0,1479,18.72,63.46,18.39
102,AK,23.37,33.2,18.51,26.93,31.64,22.3,2145,1360,2240,31.99,40.31,30.57,13.58,18.99,11.64,4.14,7.32,3.19,2.49,2.91,1.68,2.13,5.43,2.08,4.38,8.46,2.67,32.67,20.0,32.17,701,646.0,722,1270,675,1267,14.9,8.72,13.03
103,AL,31.77,49.91,27.12,37.89,56.87,32.93,1959,1936,1972,29.21,37.03,27.77,14.46,22.08,12.05,5.52,9.75,4.8,7.12,12.66,5.89,2.27,3.67,2.11,8.55,13.57,7.2,17.48,22.61,15.5,670,595.0,683,967,1043,929,19.72,27.59,17.8
104,AR,31.26,50.47,28.54,37.78,57.63,34.93,1652,1785,1639,28.8,36.35,27.92,15.05,23.19,13.57,6.08,11.57,5.67,5.06,10.49,4.47,2.32,2.85,2.22,3.04,4.35,2.83,6.2,5.88,5.43,672,596.0,678,645,651,648,19.99,22.66,19.44
105,AZ,24.22,38.03,17.15,31.64,46.44,23.9,2056,2005,2061,25.86,31.97,23.22,14.15,19.46,11.45,4.69,7.64,3.7,3.93,7.02,2.5,1.27,2.24,0.95,5.09,7.63,3.81,9.04,8.78,8.59,694,642.0,728,907,982,869,16.75,22.52,13.26
106,CA,19.29,23.33,13.01,24.03,28.44,17.29,1883,1895,1696,23.66,25.57,20.94,11.24,13.05,8.34,4.62,5.74,3.26,3.54,4.63,1.87,1.27,1.52,0.89,4.68,5.75,2.78,15.53,15.5,14.63,714,690.0,744,773,805,710,9.42,10.39,7.94
107,CO,18.83,32.63,15.4,24.17,39.67,20.18,1676,1414,1720,24.3,30.24,22.96,10.57,14.88,9.09,3.76,6.46,3.25,2.6,4.91,2.07,1.09,2.34,0.89,4.3,7.81,3.4,12.95,17.09,11.14,728,666.0,743,742,652,759,13.23,21.89,11.06
108,CT,19.78,38.37,13.53,25.51,44.79,18.71,1529,1404,1567,24.26,32.9,22.08,9.54,16.98,7.12,4.44,8.88,3.43,2.77,6.19,1.9,2.41,4.62,2.0,1.48,2.77,1.01,9.93,8.33,9.21,725,644.0,748,530,541,504,11.74,17.98,9.19
109,DC,24.24,35.64,6.22,27.89,39.89,8.17,1469,1558,967,24.14,30.84,16.27,12.66,17.4,4.23,4.82,7.65,2.28,6.61,8.72,1.79,1.79,2.89,0.88,2.58,3.76,0.49,8.16,8.25,0.0,707,660.0,761,591,623,500,8.38,11.41,2.75
110,DE,24.47,41.83,19.54,31.42,51.08,25.53,1852,1887,1757,25.68,33.17,23.52,11.27,17.73,8.72,4.88,8.27,3.93,4.28,7.04,3.43,1.99,4.18,1.61,6.03,10.26,4.65,9.94,10.73,9.55,701,630.0,724,757,941,691,17.56,30.56,14.25
111,FL,25.11,31.74,20.5,33.09,39.48,28.45,2227,2283,2188,27.78,32.69,24.68,13.91,15.35,12.46,6.03,8.5,4.59,3.94,5.46,3.05,2.02,2.77,1.61,4.88,5.78,4.15,7.13,7.54,6.84,688,663.0,717,1000,1025,983,18.38,20.18,16.78
112,GA,30.59,40.52,24.57,37.37,48.25,31.14,1969,2053,1876,30.55,36.33,27.86,14.36,17.97,11.58,6.45,9.96,4.88,5.84,8.23,4.51,2.28,3.36,1.82,6.02,8.24,4.66,6.43,7.29,5.67,671,634.0,692,903,868,934,19.23,22.33,17.54
113,HI,15.74,15.81,14.52,18.72,18.66,20.97,1996,1924,0,24.59,24.54,26.37,11.16,10.84,0.0,4.27,4.34,2.82,3.73,3.77,0.0,1.75,1.65,0.0,4.15,4.27,2.42,12.1,12.47,0.0,725,724.0,701,435,436,0,7.29,7.23,7.26
114,IA,17.6,44.59,16.91,21.83,43.24,21.03,1670,1063,1719,22.28,27.92,22.03,10.62,0.0,10.44,3.52,7.27,3.43,2.38,0.0,2.26,1.28,0.0,1.24,2.69,2.7,2.6,6.35,0.0,6.38,732,630.0,735,587,0,592,10.66,13.51,10.27
115,ID,17.75,28.57,17.29,21.75,42.86,21.26,2113,0,2130,24.35,0.0,24.21,10.59,0.0,10.4,3.49,0.0,3.41,2.62,0.0,2.56,0.91,0.0,0.87,6.46,7.94,6.35,11.09,0.0,10.95,719,653.0,721,906,0,904,12.24,23.81,11.92
116,IL,21.68,38.69,16.35,27.76,45.46,22.19,1564,1575,1600,24.33,32.81,22.21,10.98,18.44,8.64,4.33,8.25,3.37,3.76,7.17,2.86,1.92,3.38,1.68,4.2,7.25,3.27,9.75,11.04,8.98,715,644.0,739,616,630,615,13.98,19.41,12.24
117,IN,25.23,45.77,22.61,31.35,53.01,28.6,1889,1865,1876,26.05,35.43,25.25,14.05,23.09,12.6,4.49,8.62,4.13,3.84,9.64,3.29,1.88,4.08,1.75,5.54,9.1,5.09,6.54,7.57,6.14,690,611.0,703,798,702,818,19.48,30.76,18.09
118,KS,22.1,39.48,19.02,27.54,47.13,24.21,1726,1570,1722,24.18,31.17,23.18,12.69,25.77,11.22,3.56,6.61,3.2,2.54,3.7,2.24,1.51,1.9,1.41,4.05,6.14,3.6,7.52,10.53,6.74,712,640.0,725,817,851,800,17.75,30.76,15.64
119,KY,27.92,61.8,26.38,35.31,69.14,33.77,1340,1074,1355,26.02,39.84,25.51,15.5,26.58,15.05,4.97,13.94,4.72,4.41,9.56,4.18,2.08,5.56,2.04,5.17,7.51,4.94,5.71,1.1,5.51,677,552.0,683,521,621,505,19.24,40.02,18.51
120,LA,33.18,45.95,27.7,41.88,55.84,36.06,1915,1899,1946,29.71,34.74,28.09,15.34,18.88,12.99,5.88,8.74,5.07,6.55,10.08,5.1,2.96,4.75,2.44,6.64,9.47,5.4,17.54,20.67,14.67,667,611.0,682,850,800,892,23.22,27.61,21.22
121,MA,15.44,30.8,12.37,18.82,35.05,15.7,1584,1500,1646,21.63,30.04,20.49,7.78,13.38,6.58,4.01,7.64,3.36,2.59,6.13,2.08,1.61,3.02,1.54,1.52,3.77,1.14,9.63,8.72,10.74,737,665.0,749,385,412,366,4.28,6.17,3.92
122,MD,23.19,32.03,17.15,28.29,38.01,21.73,1588,1713,1450,27.02,33.14,23.88,11.69,14.48,9.07,5.3,7.68,4.0,4.07,5.74,2.92,2.12,3.45,1.6,3.53,4.97,2.63,6.32,7.05,5.29,706,665.0,736,508,551,465,13.24,17.07,10.82
123,ME,19.79,0.0,19.75,27.95,0.0,27.9,1711,0,1718,24.8,0.0,24.8,9.49,0.0,9.42,3.96,0.0,3.93,1.98,0.0,2.01,2.03,0.0,2.02,3.05,0.0,3.07,5.17,0.0,5.21,718,0.0,719,901,0,914,19.02,0.0,19.02
124,MI,22.64,50.58,18.6,29.35,59.59,24.97,1517,1799,1422,24.25,37.55,23.12,13.73,28.92,11.13,4.13,10.73,3.52,3.78,12.49,2.94,1.31,3.12,1.21,4.09,9.19,3.33,7.11,7.28,6.81,713,585.0,728,487,463,495,15.23,23.71,13.87
125,MN,12.61,29.45,11.57,14.68,33.93,13.47,1739,1636,1764,21.3,29.38,20.89,8.02,18.91,7.31,2.92,5.97,2.78,2.03,5.44,1.85,1.24,2.15,1.21,2.06,3.55,1.95,5.58,8.08,5.25,744,669.0,748,431,506,425,2.46,4.62,2.32
126,MO,25.35,53.54,21.96,32.48,62.57,28.8,1977,2202,1932,25.07,35.43,24.15,12.95,22.56,11.65,4.35,9.94,3.88,4.47,10.62,3.85,1.73,4.9,1.56,6.16,12.33,5.39,9.8,12.26,9.09,697,579.0,713,860,1090,821,19.44,35.5,17.49
127,MS,33.66,46.53,27.69,38.98,51.5,32.84,1792,1837,1763,31.81,36.58,30.42,16.64,21.51,13.76,7.68,11.55,6.43,7.3,10.64,5.53,3.38,5.05,2.67,7.47,9.31,6.54,14.28,15.85,12.98,659,607.0,675,890,1017,839,19.17,22.05,17.26
128,MT,18.02,47.99,16.81,22.31,53.7,21.11,1742,1936,1763,24.28,37.22,23.99,11.52,29.82,10.9,3.04,8.03,3.0,2.92,16.67,2.46,1.11,0.0,1.03,2.54,4.86,2.39,5.42,0.0,4.53,723,601.0,728,799,1096,796,13.44,27.48,12.86
129,NC,26.36,37.08,22.26,35.26,47.45,30.62,1674,1723,1633,27.06,32.18,25.27,12.24,15.5,10.14,5.45,8.69,4.65,4.5,6.87,3.66,1.91,3.07,1.62,5.3,7.1,4.51,5.43,5.68,5.68,688,646.0,711,735,701,765,22.43,28.01,20.25
130,ND,15.11,37.95,14.36,17.28,41.91,16.46,2211,1813,2254,24.33,38.02,24.11,8.46,0.0,8.44,3.18,7.69,3.1,2.08,9.8,1.89,1.4,0.0,1.42,4.53,5.28,4.45,10.71,0.0,10.82,732,629.0,734,679,0,662,7.42,13.2,7.2
131,NE,16.56,34.87,14.46,19.72,40.48,17.32,2020,1993,2130,23.0,29.56,22.38,7.76,17.5,7.18,3.36,8.49,3.12,2.33,5.17,2.02,1.08,2.08,1.07,3.39,5.81,3.14,6.47,2.41,6.96,729,648.0,738,631,510,649,7.99,14.5,7.04
132,NH,14.98,0.0,14.97,19.7,0.0,19.65,1717,0,1717,23.1,0.0,23.12,8.47,0.0,8.41,3.82,0.0,3.79,2.34,0.0,2.31,1.77,0.0,1.76,2.23,0.0,2.22,4.72,0.0,4.78,734,0.0,734,533,0,536,7.88,0.0,7.86
133,NJ,19.58,31.54,13.29,25.18,37.79,18.57,1348,1238,1458,23.64,28.76,21.49,9.95,14.62,7.33,4.58,7.33,3.47,3.05,5.49,2.07,2.4,3.31,2.15,2.29,3.19,1.73,8.81,9.18,8.26,720,668.0,745,526,546,503,13.52,19.98,10.19
134,NM,27.26,32.43,16.64,35.25,40.96,23.03,1774,1752,1798,27.31,29.63,21.48,15.78,18.2,12.14,5.05,5.79,3.74,5.93,7.72,2.92,2.19,2.61,0.69,8.17,10.11,4.11,10.0,10.54,12.0,675,659.0,736,774,759,792,18.65,20.94,12.94
135,NV,28.4,39.68,19.49,35.65,47.47,26.01,2157,2012,2142,28.5,32.94,25.1,16.34,21.66,12.33,6.18,9.23,4.14,4.9,7.72,2.95,1.39,2.4,0.94,10.4,13.73,7.04,17.76,19.75,15.57,675,638.0,720,927,907,1009,19.55,24.77,15.59
136,NY,18.64,26.44,14.45,22.47,30.02,18.57,1775,1748,1839,24.14,29.68,21.84,10.37,14.49,8.18,5.05,8.1,3.63,3.1,5.55,2.24,2.23,3.72,1.88,1.61,2.24,1.35,4.25,4.67,3.45,722,676.0,743,478,436,496,6.57,5.85,7.16
137,OH,24.72,49.48,21.24,31.98,57.4,28.38,1528,1546,1521,24.71,35.5,23.69,13.0,22.56,11.29,4.53,9.3,4.04,3.67,9.33,3.05,1.7,3.68,1.57,7.57,12.8,6.86,8.07,10.83,7.3,700,596.0,716,626,679,618,17.23,23.23,16.29
138,OK,30.31,49.74,26.96,37.11,57.23,33.79,2160,1969,2158,28.43,33.22,27.63,17.02,32.73,14.64,5.38,9.59,5.03,5.4,9.39,4.95,2.1,2.03,2.03,5.44,6.66,5.04,14.03,15.53,13.13,673,589.0,679,1097,1150,1064,22.15,34.15,20.39
139,OR,16.42,0.0,15.74,19.51,0.0,18.78,1578,0,1597,23.45,0.0,23.23,12.13,0.0,11.63,3.39,0.0,3.33,1.86,0.0,1.77,1.01,0.0,1.02,3.38,0.0,3.3,8.2,0.0,8.13,726,0.0,729,585,0,585,7.14,0.0,6.84
140,PA,20.7,45.81,17.15,26.86,54.11,23.03,1811,1737,1836,23.92,35.55,22.78,11.86,24.17,9.82,4.42,10.89,3.81,2.95,7.94,2.43,2.2,5.76,1.96,3.71,6.37,3.33,4.44,6.21,3.82,723,609.0,737,540,506,542,11.64,15.65,11.05
141,RI,20.26,35.09,16.83,24.35,39.52,20.77,1705,1527,1805,24.74,31.62,23.48,10.7,16.79,9.43,4.36,8.59,3.66,2.74,5.4,2.36,2.14,2.2,2.09,2.38,3.36,2.15,8.72,11.7,6.83,718,655.0,731,543,495,541,6.16,8.35,5.59
142,SC,30.99,44.61,25.95,41.35,56.59,35.65,2169,2156,2196,28.5,34.35,26.69,14.83,19.66,12.7,5.61,9.49,4.82,6.96,11.88,5.2,2.29,4.36,1.9,6.93,9.27,5.99,6.37,8.7,5.64,673,617.0,689,988,975,1016,26.32,33.5,23.38
143,SD,14.85,44.66,13.58,16.86,49.24,15.4,2212,2192,2261,24.19,32.6,23.99,7.69,17.24,7.52,3.71,9.26,3.62,2.48,12.95,2.16,1.25,0.0,1.25,3.52,4.79,3.5,10.45,0.0,10.05,731,598.0,735,690,0,690,4.59,9.59,4.31
144,TN,28.18,51.07,25.0,35.04,58.08,31.95,1910,1996,1897,26.95,37.94,25.7,14.29,21.68,12.92,4.86,9.98,4.32,5.28,11.74,4.59,1.93,4.08,1.76,5.66,10.67,4.91,13.75,20.39,11.94,682,586.0,698,926,943,934,20.23,27.17,19.71
145,TX,30.36,38.18,22.34,40.89,49.27,32.26,2153,2138,2160,28.99,32.32,26.05,13.33,15.59,11.02,5.59,7.18,4.29,6.4,8.77,4.1,2.13,2.96,1.56,5.97,7.35,4.43,7.61,7.37,7.67,671,644.0,705,1012,1057,990,22.97,25.33,20.49
146,UT,17.67,35.66,16.34,21.57,41.26,20.27,1960,1759,1984,24.71,31.44,24.24,9.74,18.81,9.04,3.59,6.36,3.41,2.58,6.19,2.43,1.15,2.94,1.12,4.39,7.09,4.13,10.0,12.68,9.72,720,654.0,724,992,836,1008,13.84,24.68,13.04
147,VA,22.5,34.06,19.32,27.86,40.82,24.45,1778,1872,1684,25.62,31.31,24.09,10.45,14.62,8.55,4.24,6.63,3.62,3.17,4.58,2.82,1.63,2.27,1.58,4.39,5.81,4.05,6.3,7.26,5.57,715,662.0,729,766,843,726,17.04,24.64,15.18
148,VT,14.54,0.0,14.48,18.76,0.0,18.7,1708,0,1715,22.69,0.0,22.72,7.45,0.0,7.53,3.55,0.0,3.53,2.19,0.0,2.12,1.73,0.0,1.76,0.66,0.0,0.68,14.71,0.0,14.71,734,0.0,735,553,0,553,5.65,0.0,5.64
149,WA,14.97,20.51,13.69,18.04,23.78,16.63,1846,1737,1795,23.47,25.99,23.22,9.6,12.33,9.04,3.28,5.3,2.99,2.23,2.85,2.03,0.93,1.36,0.86,5.75,7.71,5.16,8.81,10.36,8.22,734,700.0,739,613,643,586,5.45,6.3,5.09
150,WI,17.03,48.21,14.25,21.02,53.65,18.12,1768,1647,1805,21.84,33.93,21.22,9.71,21.86,8.3,2.9,7.88,2.63,2.75,8.71,2.36,1.21,3.79,1.12,4.39,11.52,3.78,8.13,8.46,8.05,738,599.0,746,909,943,895,11.31,25.26,10.04
151,WV,29.72,0.0,29.61,40.32,0.0,40.22,1593,0,1581,27.05,0.0,26.97,15.19,0.0,15.08,5.35,0.0,5.3,4.02,0.0,3.98,2.51,0.0,2.51,4.4,0.0,4.39,3.28,0.0,3.27,675,0.0,675,647,0,645,26.95,0.0,26.88
152,WY,21.31,72.55,20.88,26.49,82.35,26.08,2533,0,2543,25.56,0.0,25.59,9.55,0.0,9.74,3.91,0.0,3.82,2.71,0.0,2.64,1.3,0.0,1.25,4.35,5.88,4.27,13.44,0.0,13.5,715,0.0,716,1492,0,1485,18.49,62.75,18.16
153,AK,23.09,33.86,17.95,27.02,31.62,22.13,2173,1353,2187,31.34,39.96,29.77,13.68,19.74,12.01,3.63,6.19,2.71,2.32,1.69,1.58,1.65,5.1,1.13,4.35,8.43,2.75,32.74,20.31,33.33,701,648.0,723,1318,684,1334,14.83,8.83,12.66
154,AL,31.14,48.74,26.61,37.47,56.51,32.54,1972,1991,1974,29.66,37.33,28.22,13.82,20.92,11.55,5.33,8.75,4.73,6.4,11.82,5.26,2.44,3.88,2.11,8.65,13.81,7.26,17.29,22.79,15.51,671,599.0,685,978,1103,928,19.53,27.93,17.49
155,AR,30.85,48.63,28.29,37.7,57.54,34.91,1646,1737,1636,29.13,36.47,28.29,14.34,21.9,12.81,5.96,10.98,5.57,4.51,8.97,3.92,2.19,2.41,2.06,3.23,4.34,3.03,5.89,4.61,5.25,672,599.0,677,642,662,646,19.81,21.64,19.34
156,AZ,23.68,37.32,16.71,31.22,46.03,23.57,2069,2020,2059,25.94,32.01,23.27,13.44,18.47,10.76,4.39,7.1,3.47,3.53,6.33,2.2,1.23,2.32,0.88,5.13,7.84,3.77,8.56,8.33,8.29,696,644.0,729,922,980,882,16.58,22.43,13.1
157,CA,18.77,22.72,12.7,23.77,28.17,17.08,1897,1910,1703,23.54,25.31,21.02,10.79,12.56,8.11,4.17,5.16,3.0,3.03,3.94,1.62,1.14,1.39,0.86,4.7,5.79,2.78,14.94,14.89,13.82,716,692.0,744,760,787,701,9.19,10.11,7.81
158,CO,18.47,32.45,15.05,23.76,39.54,19.74,1699,1421,1759,24.71,30.56,23.37,10.33,15.15,8.83,3.57,5.92,3.1,2.37,4.42,1.91,1.07,2.32,0.88,4.38,7.85,3.48,12.93,17.2,10.73,729,667.0,743,742,640,766,13.1,21.91,10.9
159,CT,19.27,37.73,13.03,25.13,44.57,18.3,1539,1405,1593,24.7,33.48,22.47,9.23,16.29,6.92,4.21,8.44,3.19,2.16,4.75,1.44,2.18,3.91,1.87,1.51,2.85,1.05,8.55,7.01,7.65,726,646.0,748,520,520,498,11.47,17.55,8.93
160,DC,23.48,34.46,5.89,27.09,38.61,7.86,1492,1555,962,24.23,30.81,16.35,12.31,16.08,5.02,4.35,6.74,1.88,5.79,7.49,1.55,1.2,2.05,0.88,2.65,3.87,0.4,4.88,6.19,0.0,710,663.0,763,568,585,500,8.12,10.92,2.77
161,DE,23.92,40.63,19.04,31.12,50.35,25.42,1850,1874,1735,25.51,33.8,23.21,10.83,17.5,8.71,4.56,6.65,3.91,3.94,7.29,3.12,2.1,3.73,1.72,6.14,10.21,4.73,9.0,9.91,8.32,703,637.0,725,747,923,691,17.44,29.67,14.38
162,FL,24.86,31.4,20.28,33.12,39.54,28.41,2209,2283,2151,27.81,32.26,24.93,13.04,14.62,11.62,5.67,7.93,4.33,3.45,4.82,2.63,1.94,2.49,1.61,4.92,5.83,4.18,7.01,7.41,6.55,689,664.0,717,1021,1052,1005,18.35,20.19,16.68
163,GA,29.86,39.35,24.08,36.91,47.39,30.73,1999,2101,1915,30.61,35.92,28.11,13.65,16.93,10.97,5.99,9.19,4.57,5.12,7.02,4.07,2.27,3.27,1.82,6.05,8.22,4.7,6.23,6.89,5.73,672,637.0,693,935,906,967,18.92,21.73,17.36
164,HI,15.85,15.9,19.35,19.16,19.12,22.58,1896,1810,0,24.46,24.52,27.78,10.76,10.4,0.0,4.06,4.04,2.78,3.34,3.41,0.0,1.65,1.6,0.0,4.14,4.26,2.42,12.2,12.59,0.0,725,724.0,706,439,442,0,7.3,7.17,7.26
165,IA,17.58,46.26,16.88,21.94,44.9,21.17,1667,1037,1698,22.75,27.75,22.51,10.27,0.0,10.03,3.33,11.54,3.23,2.18,0.0,2.08,1.52,0.0,1.46,2.75,2.72,2.66,6.28,0.0,6.31,731,630.0,734,591,0,592,10.56,10.2,10.22
166,ID,17.67,31.34,17.2,21.78,43.28,21.24,2265,0,2309,24.78,0.0,24.64,10.25,0.0,10.01,3.47,0.0,3.38,2.46,0.0,2.41,1.06,0.0,1.03,6.41,8.96,6.29,10.99,0.0,10.57,719,652.0,721,1057,0,1061,12.88,25.37,12.53
167,IL,21.45,37.85,16.3,27.77,45.14,22.31,1586,1588,1626,24.64,32.36,22.73,10.57,17.59,8.34,4.08,7.53,3.23,3.32,6.38,2.54,1.95,3.16,1.77,4.27,7.35,3.31,9.29,10.88,8.49,715,646.0,738,633,634,638,14.29,19.67,12.59
168,IN,25.16,45.95,22.51,31.33,53.2,28.54,1889,1855,1891,26.59,36.15,25.79,13.76,22.81,12.36,4.35,8.1,4.01,3.47,7.82,3.02,2.02,4.11,1.9,5.61,9.21,5.18,6.79,8.06,6.2,690,610.0,704,813,731,832,19.49,30.99,18.07
169,KS,21.98,39.45,18.87,27.4,46.65,24.07,1735,1503,1779,24.64,31.84,23.66,12.25,23.42,10.89,3.64,7.02,3.28,2.28,4.17,2.0,1.52,1.88,1.44,4.09,5.95,3.69,7.84,14.46,7.25,712,645.0,724,820,854,811,17.68,29.92,15.62
170,KY,27.48,60.5,25.95,35.19,68.46,33.67,1320,1071,1327,26.34,38.82,25.84,14.58,23.53,14.23,4.9,13.8,4.66,4.09,6.86,3.88,2.0,7.21,1.94,5.22,7.97,4.97,5.56,3.13,5.5,677,552.0,684,500,594,491,18.98,38.42,18.27
171,LA,32.63,45.09,27.32,41.54,55.45,35.77,1923,1912,1955,29.91,34.58,28.4,14.47,17.86,12.27,5.54,7.74,4.92,5.87,8.95,4.59,2.82,3.92,2.45,6.68,9.57,5.45,17.55,20.82,14.69,668,615.0,683,844,800,883,22.87,27.11,20.94
172,MA,15.02,30.12,12.0,18.76,34.97,15.68,1597,1458,1661,21.83,30.22,20.7,7.61,13.38,6.4,3.7,6.92,3.12,2.19,4.93,1.8,1.49,2.82,1.4,1.57,3.83,1.18,9.88,7.62,11.67,738,666.0,749,384,405,369,4.61,7.02,4.19
173,MD,22.6,31.11,16.81,27.75,37.35,21.32,1611,1722,1490,27.07,33.02,24.07,10.9,13.68,8.34,4.78,6.87,3.56,3.54,4.94,2.57,2.01,3.1,1.52,3.61,5.04,2.68,7.31,7.83,6.71,707,667.0,736,510,553,475,12.92,16.68,10.55
174,ME,19.51,0.0,19.5,27.93,0.0,27.89,1747,0,1759,25.03,0.0,25.04,8.98,0.0,8.93,3.71,0.0,3.71,1.9,0.0,1.92,1.83,0.0,1.83,3.09,0.0,3.1,4.79,0.0,4.69,719,0.0,719,933,0,938,19.26,0.0,19.24
175,MI,21.92,48.89,18.02,28.82,58.63,24.5,1515,1769,1430,24.4,36.75,23.32,13.16,27.87,10.65,3.61,8.83,3.14,3.39,11.33,2.61,1.26,2.39,1.19,4.1,9.29,3.33,6.6,7.43,6.2,714,592.0,729,486,464,494,14.89,23.22,13.53
176,MN,12.22,28.53,11.19,14.4,34.0,13.18,1777,1689,1791,21.74,30.48,21.31,7.73,18.41,7.05,2.79,6.34,2.63,1.8,4.87,1.62,1.14,1.25,1.1,2.09,3.48,1.98,6.77,6.12,6.61,744,668.0,748,418,541,406,2.47,4.72,2.33
177,MO,24.86,51.82,21.64,31.94,61.1,28.42,2046,2357,1975,25.55,35.81,24.63,12.24,21.65,10.99,4.27,9.16,3.86,4.08,9.76,3.48,1.64,4.0,1.5,6.29,12.81,5.49,10.04,10.84,9.52,699,585.0,713,874,1127,829,19.17,35.76,17.21
178,MS,33.05,45.9,27.02,39.15,52.1,32.82,1810,1828,1799,31.82,36.39,30.53,15.9,20.96,12.9,7.19,10.72,6.12,6.49,9.18,5.06,3.64,5.51,3.03,7.56,9.39,6.64,13.9,15.52,12.39,660,609.0,675,881,961,839,19.47,22.89,17.4
179,MT,17.71,50.11,16.49,21.95,53.09,20.78,1789,2107,1807,24.53,40.38,24.2,11.18,30.36,10.56,3.12,6.2,3.12,2.53,15.38,2.13,1.24,0.0,1.19,2.53,4.9,2.38,4.49,0.0,4.01,724,592.0,728,780,1074,764,13.28,27.08,12.71
180,NC,25.71,36.1,21.66,34.36,46.29,29.69,1612,1662,1556,27.38,32.57,25.59,11.83,15.11,9.81,5.1,7.65,4.45,3.82,6.03,3.04,2.03,2.9,1.8,5.36,7.28,4.53,5.29,5.65,5.07,690,649.0,713,703,666,725,20.75,25.47,18.65
181,ND,15.19,36.74,14.46,17.43,41.85,16.62,1976,1689,1999,24.93,35.82,24.69,8.26,0.0,8.25,3.19,10.1,3.07,1.97,7.14,1.81,1.3,0.0,1.32,4.53,5.75,4.44,11.66,0.0,11.45,732,635.0,734,673,0,655,7.44,12.78,7.24
182,NE,16.41,33.94,14.33,19.5,39.82,17.14,2095,1989,2242,23.74,29.8,23.16,7.27,16.92,6.76,3.4,7.22,3.21,1.99,4.92,1.7,1.12,2.99,1.06,3.43,5.74,3.19,7.65,6.1,8.08,728,649.0,737,685,526,698,8.01,14.7,7.04
183,NH,14.68,0.0,14.64,19.54,0.0,19.49,1692,0,1690,23.49,0.0,23.5,8.5,0.0,8.42,3.56,0.0,3.54,2.18,0.0,2.15,1.63,0.0,1.64,2.29,0.0,2.29,4.01,0.0,4.05,734,0.0,735,546,0,545,7.78,0.0,7.74
184,NJ,19.04,30.83,12.94,24.93,37.46,18.4,1363,1270,1458,23.76,28.86,21.66,9.52,14.14,7.06,4.13,6.42,3.19,2.55,4.88,1.63,2.09,2.92,1.82,2.33,3.24,1.78,8.9,9.0,8.23,721,669.0,745,531,556,500,13.42,19.88,10.13
185,NM,26.62,31.74,15.98,34.82,40.6,22.85,1724,1662,1853,27.51,29.63,22.7,14.85,16.98,11.16,4.66,5.54,3.4,5.57,7.09,2.7,2.38,3.33,0.88,8.32,10.31,4.12,10.09,10.21,11.18,675,662.0,735,752,726,827,18.02,20.33,12.32
186,NV,27.7,38.8,18.96,35.44,47.24,25.86,2204,2050,2252,28.39,32.54,25.16,15.84,20.85,12.26,5.65,8.25,3.78,4.1,6.5,2.38,1.34,2.4,1.06,9.25,12.33,6.11,18.49,20.54,16.16,677,642.0,720,954,918,1039,19.58,24.68,15.78
187,NY,18.15,25.7,14.08,22.23,29.66,18.34,1783,1768,1843,24.16,29.44,21.99,10.0,13.88,7.9,4.5,7.05,3.31,2.73,4.83,1.99,2.18,3.29,1.94,1.63,2.28,1.36,3.64,3.91,2.95,723,678.0,743,478,446,490,6.44,5.75,6.97
188,OH,24.42,49.24,20.9,31.81,57.34,28.2,1509,1502,1512,25.18,36.5,24.12,12.45,21.86,10.8,4.22,8.41,3.77,3.37,7.96,2.84,1.74,3.42,1.63,7.59,12.76,6.89,8.19,10.48,7.5,700,597.0,716,625,660,618,16.95,23.05,16.04
189,OK,30.35,49.46,27.04,37.22,56.71,33.97,2183,2090,2153,28.96,34.27,28.21,16.1,31.47,13.88,5.08,7.85,4.8,4.62,7.59,4.18,2.36,2.56,2.24,5.52,6.73,5.1,14.2,15.04,13.54,673,591.0,680,1146,1218,1116,22.43,34.18,20.65
190,OR,16.02,0.0,15.34,19.16,0.0,18.47,1555,0,1564,23.78,0.0,23.56,11.61,0.0,11.11,3.14,0.0,3.09,1.68,0.0,1.57,0.96,0.0,0.9,3.4,0.0,3.32,8.35,0.0,8.29,727,0.0,729,574,0,571,6.82,0.0,6.54
191,PA,20.11,44.29,16.72,26.57,53.5,22.8,1825,1791,1831,23.92,34.52,22.86,11.41,22.92,9.48,4.0,9.39,3.52,2.53,6.24,2.13,2.08,4.83,1.88,3.78,6.64,3.36,4.15,4.82,3.78,724,616.0,738,557,518,561,11.64,15.79,11.06
192,RI,19.6,32.91,16.46,23.9,37.68,20.59,1820,1646,1892,25.01,31.62,23.76,10.47,16.04,9.31,4.05,7.4,3.47,2.17,4.21,1.83,2.08,2.42,2.0,2.43,3.49,2.17,8.27,12.24,5.73,720,661.0,732,554,572,536,5.64,6.7,5.32
193,SC,30.24,43.86,25.33,40.56,56.01,34.91,2158,2059,2200,28.66,34.47,26.94,14.27,18.91,12.17,5.21,8.13,4.47,6.39,10.67,4.83,2.32,4.94,1.89,7.06,9.4,6.08,6.16,7.79,5.29,675,620.0,692,940,895,982,25.16,30.96,22.53
194,SD,14.7,44.37,13.44,16.63,49.45,15.15,2200,2205,2220,24.42,34.31,24.22,7.74,19.64,7.52,3.44,5.77,3.35,2.33,13.57,1.98,1.58,0.0,1.56,3.6,4.86,3.57,10.83,0.0,10.27,731,601.0,735,694,0,691,4.47,9.49,4.19
195,TN,27.78,50.88,24.59,34.89,58.61,31.68,1954,2130,1922,27.27,37.48,26.08,13.66,20.65,12.35,4.67,9.33,4.18,4.84,11.23,4.15,2.02,4.29,1.86,5.75,10.66,4.97,13.29,18.93,11.73,683,586.0,699,949,1080,940,20.64,29.89,19.81
196,TX,29.98,37.72,22.09,40.78,49.2,32.13,2200,2193,2190,29.19,32.35,26.42,12.73,14.91,10.45,5.33,6.8,4.14,5.83,7.98,3.75,2.15,2.98,1.58,6.06,7.49,4.49,7.35,7.19,7.3,672,645.0,706,1042,1101,1004,22.99,25.39,20.46
197,UT,17.61,36.43,16.27,21.62,41.56,20.25,1977,1725,2011,25.32,33.38,24.83,9.65,20.0,9.09,3.33,8.27,3.1,2.43,9.57,2.24,1.05,2.27,1.05,4.27,6.12,4.02,10.17,19.35,9.92,720,654.0,724,1008,903,1024,13.97,24.88,13.13
198,VA,22.04,33.47,18.94,27.51,40.43,24.11,1790,1929,1680,25.91,31.55,24.39,9.98,14.26,8.03,4.0,6.15,3.48,2.92,4.12,2.6,1.65,2.1,1.63,4.45,5.93,4.11,7.55,8.65,6.74,716,664.0,730,755,877,706,16.64,24.19,14.74
199,VT,14.26,0.0,14.21,18.57,0.0,18.5,1748,0,1750,22.67,0.0,22.68,7.48,0.0,7.55,3.33,0.0,3.34,2.04,0.0,1.99,1.75,0.0,1.79,0.65,0.0,0.66,13.43,0.0,13.43,736,0.0,736,601,0,597,5.56,0.0,5.5
200,WA,14.62,19.84,13.34,17.71,23.73,16.23,1853,1725,1822,23.76,26.14,23.55,9.25,12.02,8.63,3.15,5.0,2.89,1.96,2.61,1.84,0.93,1.21,0.86,5.8,7.75,5.19,8.39,9.6,7.87,734,702.0,739,588,588,567,5.27,6.39,4.86
201,WI,16.72,47.75,13.97,20.68,53.04,17.81,1782,1595,1823,22.24,34.11,21.63,9.44,20.5,8.14,2.86,7.22,2.63,2.58,8.17,2.2,1.18,2.99,1.11,4.43,11.8,3.79,8.06,7.56,8.14,738,601.0,746,886,888,884,10.96,23.62,9.79
202,WV,29.35,0.0,29.22,39.68,0.0,39.57,1543,0,1537,27.67,0.0,27.59,14.69,0.0,14.64,5.41,0.0,5.38,3.81,0.0,3.78,2.55,0.0,2.52,4.55,0.0,4.54,3.25,0.0,3.25,675,0.0,675,590,0,588,25.88,0.0,25.82
203,WY,21.06,67.31,20.68,26.16,82.69,25.78,2566,0,2569,26.09,0.0,26.09,8.93,0.0,9.19,3.81,0.0,3.83,2.35,0.0,2.3,1.51,0.0,1.46,4.23,5.77,4.16,13.53,0.0,13.52,714,524.0,716,1499,0,1479,18.68,63.46,18.31
204,AK,23.18,32.89,18.2,26.92,32.24,21.8,2181,1273,2369,31.53,38.51,30.0,13.28,17.33,11.51,3.65,6.21,2.83,2.17,0.55,1.66,1.78,5.21,1.46,4.39,8.55,2.82,33.11,23.08,33.11,702,648.0,723,1286,573,1294,14.81,9.34,12.7
205,AL,30.78,48.26,26.37,37.44,56.08,32.63,1953,1974,1941,30.0,37.68,28.58,12.94,20.13,10.83,5.06,8.85,4.45,6.0,10.3,5.05,2.4,4.04,2.16,8.67,13.83,7.24,17.25,22.73,15.27,671,601.0,684,997,1113,935,19.61,27.62,17.62
206,AR,30.5,48.66,27.83,37.7,57.39,34.89,1663,1767,1661,29.37,36.9,28.56,13.65,20.61,12.3,5.63,10.65,5.22,4.55,8.44,4.08,2.0,1.76,1.87,3.38,4.49,3.19,5.62,6.96,4.87,672,599.0,677,663,691,657,20.2,23.21,19.6
207,AZ,23.12,36.16,16.43,30.66,45.14,23.23,2052,1975,2048,26.42,32.57,23.67,12.98,17.83,10.54,4.05,6.41,3.19,3.53,6.16,2.21,1.14,2.26,0.75,5.29,7.98,3.95,8.63,8.44,8.82,697,646.0,729,928,979,885,16.09,21.8,12.75
208,CA,18.28,22.15,12.28,23.63,28.01,16.94,1896,1919,1701,23.49,25.23,20.97,10.4,12.16,7.88,3.69,4.55,2.64,2.79,3.6,1.51,0.95,1.11,0.81,4.75,5.86,2.77,14.82,14.86,13.88,716,693.0,744,758,788,681,9.03,9.97,7.64
209,CO,18.05,31.99,14.71,23.65,39.27,19.71,1637,1386,1671,25.0,31.33,23.61,9.64,13.88,8.24,3.32,5.42,2.91,2.26,4.0,1.83,0.98,2.01,0.79,4.46,7.9,3.56,13.2,17.27,11.5,728,666.0,743,732,625,749,13.06,21.97,10.9
210,CT,18.75,36.81,12.68,24.74,43.56,18.2,1546,1438,1588,24.82,33.57,22.58,8.8,15.82,6.61,3.83,7.82,2.88,2.15,4.92,1.43,1.86,3.09,1.61,1.56,3.0,1.05,9.3,10.21,8.11,726,648.0,748,553,589,509,11.25,17.09,8.77
211,DC,22.83,33.09,5.75,26.54,37.64,7.68,1535,1572,955,24.81,31.41,16.46,11.83,15.01,4.81,4.19,6.31,1.91,5.8,7.73,1.81,1.21,1.84,0.88,2.8,3.98,0.54,5.0,6.51,0.0,710,666.0,764,586,622,449,7.76,10.34,2.6
212,DE,23.37,38.91,18.55,31.15,49.87,25.67,1847,1879,1694,25.97,34.35,23.64,10.32,17.12,8.24,3.99,5.16,3.51,3.35,5.09,2.73,1.71,3.53,1.25,6.23,10.52,4.7,9.21,7.95,9.13,702,643.0,725,785,957,737,17.98,29.93,14.99
213,FL,24.6,31.19,20.04,33.03,39.58,28.3,2225,2292,2174,28.08,32.49,25.22,12.34,13.82,11.0,5.12,7.1,4.01,3.39,4.67,2.62,1.7,2.18,1.46,5.06,5.98,4.3,7.12,7.44,6.73,690,664.0,717,1027,1058,1016,18.42,20.29,16.74
214,GA,29.41,38.82,23.66,36.96,47.46,30.84,1983,2071,1909,30.99,36.48,28.4,13.03,16.31,10.37,5.52,8.5,4.3,5.02,7.06,3.83,2.0,2.64,1.71,6.13,8.36,4.78,6.75,7.42,5.86,672,638.0,693,947,921,984,18.92,21.71,17.32
215,HI,15.58,15.58,21.37,18.93,18.91,25.64,1926,1878,0,24.18,24.14,22.6,10.32,10.01,0.0,3.46,3.47,5.0,3.36,3.51,0.0,1.2,1.2,0.0,4.2,4.32,2.56,11.43,11.61,0.0,727,726.0,699,448,455,0,7.23,7.16,7.69
216,IA,17.21,42.67,16.53,21.87,44.0,21.09,1677,826,1703,22.9,30.1,22.63,9.84,0.0,9.6,3.12,8.77,3.04,1.97,0.0,1.89,1.2,0.0,1.16,2.81,2.0,2.72,6.52,0.0,6.57,731,631.0,734,592,0,593,10.58,10.0,10.22
217,ID,17.52,32.31,17.07,21.64,44.62,21.11,2262,0,2312,24.76,0.0,24.67,9.56,0.0,9.3,3.22,0.0,3.15,2.37,0.0,2.33,0.95,0.0,0.94,6.42,9.23,6.32,10.79,0.0,10.63,720,652.0,722,1033,0,1039,12.73,27.69,12.4
218,IL,21.21,37.59,16.14,27.93,45.24,22.49,1572,1564,1613,24.89,32.95,22.91,10.04,17.03,7.84,3.75,7.05,2.92,3.26,6.35,2.47,1.81,2.91,1.65,4.36,7.5,3.36,9.33,10.89,8.49,714,647.0,737,637,638,643,14.58,20.19,12.82
219,IN,24.73,45.38,22.09,31.26,53.37,28.46,1856,1835,1861,26.78,36.21,25.96,13.12,21.79,11.78,4.16,8.01,3.84,3.32,7.47,2.91,1.86,2.82,1.79,5.74,9.46,5.28,6.88,7.97,6.46,690,612.0,703,813,716,836,19.54,31.64,18.09
220,KS,21.77,40.4,18.72,27.38,47.12,24.05,1751,1498,1789,24.87,31.96,23.84,11.92,24.04,10.64,3.49,7.47,3.06,2.32,3.63,2.1,1.49,1.08,1.46,4.19,5.97,3.81,7.8,13.17,7.2,711,641.0,723,829,867,821,17.98,30.53,15.84
221,KY,27.42,60.69,25.91,35.16,68.84,33.64,1315,1127,1322,26.67,39.41,26.17,13.8,21.81,13.47,4.59,14.1,4.36,3.96,8.19,3.75,1.93,7.14,1.86,5.28,8.16,5.05,5.94,4.0,6.09,678,552.0,684,509,586,500,18.86,37.6,18.15
222,LA,32.2,44.55,26.99,41.61,55.05,35.9,1934,1958,1954,30.1,34.81,28.61,13.71,17.1,11.6,5.25,7.04,4.69,5.9,9.08,4.69,2.44,3.67,2.09,6.75,9.68,5.49,17.26,20.75,14.52,668,618.0,683,875,850,905,23.68,28.44,21.55
223,MA,14.68,29.13,11.77,18.59,34.02,15.61,1584,1460,1653,22.18,31.2,20.99,7.38,13.17,6.23,3.37,6.42,2.85,2.14,4.88,1.76,1.3,2.28,1.22,1.61,4.04,1.19,9.95,6.62,12.25,737,667.0,749,390,421,375,4.72,7.02,4.3
224,MD,21.91,30.12,16.22,27.47,36.81,21.15,1610,1715,1508,27.29,33.27,24.23,10.47,13.08,7.99,4.35,6.22,3.22,3.51,4.78,2.59,1.81,2.8,1.33,3.75,5.27,2.75,7.3,8.05,5.93,708,668.0,737,532,572,498,12.47,15.76,10.47
225,ME,19.1,0.0,19.07,27.66,0.0,27.62,1691,0,1696,24.88,0.0,24.86,8.32,0.0,8.27,3.34,0.0,3.32,1.8,0.0,1.81,1.75,0.0,1.75,3.13,0.0,3.15,5.01,0.0,4.9,720,0.0,720,931,0,937,18.89,0.0,18.88
226,MI,21.56,48.09,17.73,28.67,58.45,24.4,1502,1738,1418,24.85,37.07,23.71,12.66,26.43,10.29,3.34,8.06,2.93,3.13,11.44,2.32,1.23,2.79,1.14,4.2,9.48,3.41,6.76,7.04,6.63,714,596.0,728,490,472,498,14.8,23.14,13.48
227,MN,11.99,28.42,10.98,14.39,33.8,13.21,1727,1657,1736,21.89,31.48,21.43,7.32,16.43,6.75,2.65,5.86,2.5,1.7,4.14,1.55,1.12,1.78,1.09,2.2,3.77,2.09,6.11,7.62,5.7,744,669.0,748,425,524,418,2.56,4.81,2.41
228,MO,24.66,52.05,21.41,32.16,61.69,28.58,2021,2280,1973,25.89,37.01,24.94,11.94,20.64,10.75,3.93,8.8,3.56,4.09,9.99,3.47,1.62,3.14,1.51,6.38,13.11,5.57,9.16,11.78,8.29,698,585.0,713,877,1101,839,19.48,36.55,17.46
229,MS,32.57,44.86,26.72,39.06,51.51,32.94,1845,1932,1837,32.2,36.94,30.78,15.09,19.96,12.17,6.73,9.87,5.76,6.51,9.43,5.09,3.54,5.06,2.91,7.65,9.36,6.77,13.99,15.37,12.63,661,612.0,675,900,1031,845,20.01,23.64,17.89
230,MT,17.34,48.93,16.13,22.08,53.0,20.93,1799,2092,1786,24.31,39.5,23.97,11.03,28.57,10.43,2.9,7.87,2.88,2.22,12.73,1.9,1.06,0.0,0.96,2.63,5.15,2.48,5.44,0.0,5.37,723,597.0,727,800,1069,788,13.26,27.04,12.65
231,NC,25.31,35.36,21.39,34.25,46.1,29.58,1568,1639,1511,27.65,33.13,25.78,11.4,14.68,9.42,4.75,7.35,4.02,3.67,5.79,2.87,1.81,2.83,1.59,5.41,7.37,4.59,5.64,6.31,5.31,690,649.0,713,690,657,714,20.53,25.3,18.45
232,ND,15.15,37.3,14.43,17.43,43.09,16.59,1914,1476,1956,25.13,35.48,24.92,7.95,0.0,8.03,2.93,5.88,2.88,1.98,7.62,1.8,1.13,0.0,1.15,4.57,5.47,4.47,12.33,0.0,12.17,730,635.0,733,672,0,653,7.28,12.86,7.08
233,NE,16.23,32.85,14.24,19.49,39.6,17.17,2095,1992,2228,23.97,31.28,23.34,6.84,15.92,6.38,3.37,6.77,3.2,2.05,4.74,1.79,1.16,1.67,1.08,3.56,5.78,3.31,8.42,7.23,8.84,727,653.0,736,723,597,741,7.96,15.1,6.96
234,NH,14.44,0.0,14.42,19.49,0.0,19.45,1728,0,1723,23.67,0.0,23.68,8.33,0.0,8.3,3.33,0.0,3.32,1.92,0.0,1.89,1.36,0.0,1.35,2.38,0.0,2.38,5.47,0.0,5.52,734,0.0,734,551,0,547,8.09,0.0,8.05
235,NJ,18.64,30.4,12.54,24.77,37.33,18.24,1372,1293,1483,24.1,29.56,21.84,9.07,13.72,6.7,3.71,5.9,2.83,2.4,4.51,1.58,1.86,2.7,1.63,2.38,3.36,1.82,9.44,9.82,9.12,721,669.0,745,539,565,503,13.44,20.07,10.09
236,NM,26.3,31.4,15.98,34.78,40.62,22.89,1724,1650,1838,27.74,30.16,22.81,14.69,16.77,11.44,4.32,4.78,3.32,5.23,6.55,2.63,2.15,2.73,0.79,8.5,10.5,4.15,8.72,8.27,10.46,675,661.0,737,747,739,774,18.32,20.58,12.8
237,NV,27.49,38.63,18.77,35.58,47.15,26.23,2215,2055,2267,28.92,33.57,25.48,15.15,20.6,11.81,5.3,7.22,3.77,3.71,6.1,1.93,1.14,1.88,0.76,9.34,12.45,6.27,18.45,19.66,16.81,677,642.0,719,971,913,1066,19.62,24.73,15.95
238,NY,17.92,25.3,13.92,22.24,29.72,18.32,1750,1729,1806,24.49,29.85,22.27,9.64,13.42,7.61,3.99,6.16,2.99,2.55,4.32,1.9,1.87,2.88,1.66,1.66,2.33,1.38,3.25,3.91,2.23,722,678.0,743,484,448,498,6.54,5.85,7.08
239,OH,24.23,48.46,20.79,31.77,57.0,28.18,1500,1489,1507,25.42,36.08,24.39,11.8,20.75,10.26,3.98,7.16,3.59,3.3,8.3,2.74,1.6,3.23,1.49,7.67,12.85,6.96,8.36,10.75,7.64,699,601.0,716,652,682,649,17.01,22.85,16.11
240,OK,29.95,48.55,26.83,37.19,56.51,34.0,2242,2111,2212,29.06,35.17,28.3,15.41,29.1,13.41,4.68,8.03,4.41,4.51,7.19,4.11,2.06,2.84,2.01,5.61,6.8,5.2,14.49,13.33,13.91,673,596.0,680,1179,1220,1141,22.74,34.73,20.96
241,OR,15.65,0.0,15.04,19.05,0.0,18.35,1542,0,1552,23.83,0.0,23.62,11.12,0.0,10.62,2.98,0.0,2.9,1.74,0.0,1.67,0.76,0.0,0.7,3.45,0.0,3.36,8.57,0.0,8.6,727,0.0,730,568,0,566,6.78,0.0,6.5
242,PA,19.62,43.06,16.33,26.37,52.89,22.64,1822,1775,1832,24.23,35.58,23.07,10.86,21.55,9.05,3.64,7.84,3.24,2.35,5.66,1.98,1.92,4.6,1.75,3.83,6.77,3.4,4.14,4.79,3.73,724,620.0,737,577,559,575,11.58,15.9,10.96
243,RI,19.37,32.21,16.32,23.78,37.4,20.48,1803,1677,1891,25.45,32.76,24.01,10.2,15.43,9.04,3.5,6.6,2.94,2.34,4.1,1.98,1.95,2.44,1.78,2.53,3.59,2.26,7.02,8.91,5.17,719,660.0,732,589,560,589,6.0,8.03,5.45
244,SC,29.97,43.49,24.99,40.58,56.39,34.85,2097,1966,2143,28.9,35.46,27.06,13.4,18.96,11.24,4.91,7.3,4.16,6.09,10.73,4.64,2.16,3.65,1.85,7.09,9.68,6.1,6.36,7.95,5.32,674,621.0,692,913,814,945,24.94,31.12,22.24
245,SD,14.33,42.64,13.14,16.4,47.47,15.01,2212,2113,2272,24.26,35.69,24.01,7.01,16.67,6.86,3.25,6.54,3.2,2.2,12.59,1.86,1.4,0.0,1.4,3.61,4.62,3.58,11.78,0.0,11.28,731,608.0,735,734,0,726,4.27,9.01,4.02
246,TN,27.65,50.58,24.46,35.01,58.89,31.86,1959,2153,1935,27.48,37.92,26.24,13.12,20.25,11.89,4.38,8.86,3.89,4.46,10.4,3.83,1.91,4.1,1.81,5.83,10.84,5.03,13.3,18.55,11.95,683,588.0,699,981,1097,974,20.9,30.59,20.12
247,TX,29.84,37.77,21.85,40.91,49.56,32.12,2163,2145,2173,29.46,32.65,26.65,11.83,13.84,9.82,4.84,6.14,3.85,5.59,7.6,3.64,1.91,2.57,1.47,6.15,7.55,4.59,7.44,7.23,7.5,672,645.0,706,1052,1109,1018,22.75,25.31,20.15
248,UT,17.2,36.23,15.9,21.41,41.8,20.06,1966,1717,2025,25.55,34.0,25.04,9.48,19.05,9.12,3.19,7.51,2.98,2.5,10.09,2.25,1.09,0.57,1.13,4.35,6.35,4.12,10.26,13.85,10.23,719,648.0,724,1019,1019,1031,13.96,25.2,13.15
249,VA,21.6,32.89,18.64,27.24,39.89,23.99,1804,1974,1683,26.18,31.84,24.6,9.56,14.12,7.73,3.66,5.84,3.14,2.84,4.07,2.54,1.42,1.6,1.42,4.42,5.9,4.06,6.06,6.97,5.67,716,664.0,729,790,923,735,16.41,23.62,14.7
250,VT,13.73,0.0,13.67,18.24,0.0,18.19,1748,0,1756,22.77,0.0,22.79,7.18,0.0,7.14,2.9,0.0,2.91,2.05,0.0,2.02,1.0,0.0,1.02,0.64,0.0,0.65,13.64,0.0,13.64,736,0.0,736,588,0,588,5.52,0.0,5.5
251,WA,14.32,19.55,13.07,17.68,23.74,16.2,1856,1820,1824,23.86,26.5,23.68,9.04,11.73,8.3,2.88,4.11,2.68,1.82,1.93,1.68,0.84,1.22,0.77,5.84,7.79,5.23,8.76,9.33,8.61,734,702.0,739,587,657,563,5.37,6.22,4.95
252,WI,16.58,47.42,13.83,20.88,53.25,17.99,1706,1501,1754,22.45,34.58,21.82,8.82,19.71,7.58,2.65,6.66,2.43,2.55,8.11,2.16,1.11,3.03,1.03,4.45,11.84,3.82,8.14,8.64,8.01,737,602.0,745,886,881,886,10.88,23.53,9.7
253,WV,29.43,0.0,29.31,40.36,0.0,40.28,1581,0,1566,28.16,0.0,28.11,13.9,0.0,13.92,5.03,0.0,4.97,3.73,0.0,3.74,2.63,0.0,2.61,4.56,0.0,4.55,3.16,0.0,3.24,675,0.0,675,669,0,667,27.09,0.0,27.04
254,WY,20.8,67.31,20.41,26.45,82.69,26.08,2509,0,2523,26.17,0.0,26.2,8.79,0.0,9.07,3.29,0.0,3.22,2.4,0.0,2.34,1.35,0.0,1.3,4.31,5.77,4.3,14.03,0.0,14.17,714,524.0,716,1515,0,1480,18.67,57.69,18.35
255,AK,22.62,32.85,17.83,26.6,31.66,21.8,2120,1273,2326,32.07,40.48,30.74,13.18,16.67,11.87,3.41,5.61,2.61,2.09,0.56,1.88,1.91,8.33,1.74,4.39,8.61,2.82,32.6,23.08,35.29,702,648.0,722,1313,573,1343,14.63,9.14,12.62
256,AL,30.4,47.65,26.07,36.92,55.37,32.18,1931,1983,1912,31.23,38.52,29.79,12.72,19.79,10.56,5.09,8.8,4.47,6.0,10.69,4.96,2.27,3.2,2.07,8.71,13.91,7.27,16.96,22.19,14.87,671,604.0,681,1000,1113,936,19.31,27.45,17.32
257,AR,30.19,48.13,27.57,37.25,56.42,34.52,1656,1870,1634,30.59,39.02,29.72,13.48,20.46,12.27,5.64,11.06,5.22,4.75,8.85,4.25,1.95,3.21,1.83,3.59,4.74,3.43,5.29,5.99,4.96,672,601.0,676,662,725,656,20.01,23.15,19.37
258,AZ,22.87,35.94,16.21,30.29,44.8,22.9,2042,1975,2044,27.52,34.25,24.62,12.84,17.48,10.62,4.09,6.61,3.15,3.64,6.16,2.39,1.15,2.16,0.77,5.37,8.19,3.95,9.09,8.76,9.11,694,646.0,727,942,979,897,16.06,21.82,12.73
259,CA,17.96,21.8,11.99,23.2,27.54,16.52,1882,1906,1695,24.62,26.51,21.93,10.07,11.71,7.68,3.58,4.37,2.62,2.77,3.53,1.51,0.87,1.02,0.67,4.76,5.89,2.77,14.8,14.7,14.44,714,691.0,742,750,776,677,8.75,9.66,7.38
260,CO,17.8,31.36,14.5,23.21,38.71,19.35,1645,1396,1689,25.82,32.21,24.37,9.65,13.82,8.3,3.33,5.42,2.88,2.46,4.56,1.96,0.95,1.98,0.73,4.53,8.21,3.61,13.96,18.46,11.86,727,667.0,741,748,635,771,12.66,21.51,10.53
261,CT,18.6,36.59,12.66,24.53,43.07,18.11,1516,1439,1540,25.79,34.88,23.47,8.52,15.49,6.44,3.8,8.05,2.83,2.4,5.89,1.6,1.76,2.45,1.61,1.58,3.09,1.07,9.67,10.47,7.84,723,651.0,746,560,585,515,11.18,16.96,8.75
262,DC,22.37,32.4,5.5,25.75,36.27,7.43,1592,1627,1281,25.59,32.25,17.16,12.06,14.97,5.23,4.33,6.53,1.83,6.0,8.17,1.12,1.3,1.81,0.72,2.91,4.02,0.49,6.07,6.39,0.0,706,666.0,761,607,658,685,7.28,9.73,2.51
263,DE,23.15,39.62,18.41,30.93,49.63,25.49,1847,1867,1650,27.03,35.93,24.71,9.79,15.86,7.75,4.09,6.08,3.58,3.33,5.88,2.67,1.74,2.25,1.48,6.16,10.49,4.68,9.74,9.92,9.39,700,643.0,722,799,949,747,18.13,30.39,15.14
264,FL,24.32,31.02,19.78,32.53,39.24,27.72,2247,2332,2185,29.24,33.82,26.3,12.08,13.67,10.73,5.06,6.94,3.98,3.5,4.78,2.77,1.65,2.01,1.42,5.17,6.18,4.39,7.57,7.69,7.24,687,664.0,715,1065,1101,1036,17.95,19.94,16.14
265,GA,29.21,38.36,23.63,36.57,46.96,30.57,1968,2049,1915,32.33,37.66,29.77,12.93,16.25,10.33,5.64,8.46,4.41,5.11,7.18,3.96,1.98,2.41,1.69,6.24,8.58,4.86,7.02,7.98,6.07,671,640.0,689,952,919,1000,18.59,21.34,17.07
266,HI,15.07,15.16,18.33,18.42,18.37,22.5,1927,1930,0,25.36,25.31,26.35,10.23,9.87,0.0,3.19,3.27,3.08,3.25,3.47,0.0,1.34,1.38,0.0,4.16,4.29,2.5,10.76,10.96,0.0,725,725.0,704,455,459,0,6.94,6.87,5.83
267,IA,17.1,45.96,16.46,21.82,48.45,21.06,1632,899,1669,23.99,30.18,23.73,9.55,0.0,9.25,2.99,6.67,2.91,2.04,0.0,1.98,1.25,0.0,1.22,2.9,2.48,2.81,7.29,0.0,7.49,729,614.0,732,605,0,605,10.62,14.29,10.26
268,ID,17.34,33.33,16.91,21.41,43.94,20.82,2227,0,2257,25.74,0.0,25.64,9.55,0.0,9.39,3.46,0.0,3.35,2.34,0.0,2.29,0.97,0.0,0.94,6.45,9.09,6.35,11.09,0.0,11.04,718,654.0,720,1013,0,1039,12.58,25.76,12.21
269,IL,20.92,36.76,16.07,27.4,44.15,22.15,1489,1463,1521,25.9,33.99,23.91,10.05,16.91,7.82,3.68,6.73,2.94,3.5,6.51,2.75,1.76,2.66,1.66,4.42,7.65,3.4,9.4,11.26,8.08,711,649.0,734,644,633,653,14.54,20.42,12.73
270,IN,24.29,44.61,21.73,30.71,52.23,28.01,1873,1862,1873,27.91,37.47,27.08,12.75,21.03,11.5,4.13,8.26,3.78,3.45,7.61,3.02,1.82,3.59,1.71,5.88,9.64,5.42,7.2,8.31,6.78,688,616.0,701,813,713,838,19.15,31.04,17.77
271,KS,21.97,40.06,18.95,27.36,47.02,24.06,1706,1421,1740,25.85,33.3,24.78,12.0,26.63,10.7,3.46,7.2,3.01,2.5,4.3,2.17,1.52,0.43,1.51,4.33,6.1,3.92,8.75,12.94,8.32,707,642.0,721,824,831,818,18.08,30.88,15.95
272,KY,27.19,60.78,25.7,34.84,68.1,33.3,1296,1037,1305,28.11,41.31,27.59,13.52,21.03,13.23,4.59,14.05,4.37,4.03,8.3,3.8,1.81,8.11,1.76,5.37,7.97,5.12,6.25,6.12,6.22,676,552.0,682,501,570,498,18.6,35.56,17.88
273,LA,31.71,43.67,26.59,40.89,54.3,35.21,1910,1945,1916,31.63,36.68,29.98,13.52,16.98,11.47,5.31,7.56,4.55,6.26,9.29,5.05,2.2,3.29,1.85,6.84,9.78,5.59,17.82,21.62,15.03,668,620.0,680,853,841,881,23.13,28.07,20.95
274,MA,14.72,29.23,11.82,18.85,34.69,15.81,1564,1455,1630,23.25,32.77,22.01,7.28,13.26,6.09,3.39,6.5,2.87,2.12,4.88,1.7,1.16,2.35,1.06,1.65,4.26,1.22,9.97,7.73,11.63,734,667.0,747,402,426,397,4.93,7.57,4.47
275,MD,21.74,29.7,16.25,26.99,36.02,20.99,1608,1708,1512,28.38,34.25,25.46,10.36,12.73,8.01,4.48,6.5,3.27,3.54,4.87,2.7,1.8,2.82,1.27,3.84,5.42,2.8,7.58,8.48,5.99,706,668.0,734,530,568,490,12.2,15.11,10.53
276,ME,18.82,0.0,18.78,27.16,0.0,27.12,1671,0,1673,25.98,0.0,25.94,8.38,0.0,8.32,3.43,0.0,3.43,1.96,0.0,1.95,1.79,0.0,1.78,3.1,0.0,3.12,5.74,0.0,5.63,718,0.0,718,919,0,924,18.02,0.0,18.01
277,MI,21.11,46.36,17.49,28.13,56.42,24.09,1505,1812,1412,25.86,38.54,24.68,12.41,25.66,10.11,3.37,8.21,2.96,3.26,11.5,2.44,1.27,2.78,1.16,4.29,9.78,3.48,7.46,7.89,7.1,713,601.0,726,492,485,497,14.53,22.17,13.33
278,MN,11.82,27.9,10.87,14.16,32.63,13.04,1719,1868,1699,22.68,32.6,22.2,7.4,16.96,6.81,2.68,4.72,2.55,1.72,4.78,1.58,1.04,1.8,1.0,2.24,4.02,2.12,6.03,6.25,5.53,743,670.0,747,425,473,409,2.4,4.41,2.27
279,MO,24.63,51.72,21.39,31.94,61.46,28.35,2004,2295,1948,26.84,37.56,25.85,11.86,19.8,10.78,3.97,9.24,3.6,4.05,9.85,3.45,1.62,3.7,1.48,6.46,13.3,5.64,9.6,12.44,8.68,696,585.0,711,877,1144,839,19.29,35.85,17.33
280,MS,32.23,44.0,26.76,38.33,50.79,32.39,1803,1809,1829,33.67,38.82,32.02,14.95,19.14,12.16,6.9,10.35,6.0,6.68,9.58,5.51,3.57,5.07,2.86,7.75,9.51,6.86,14.59,16.47,13.32,661,615.0,675,866,982,817,19.19,22.43,17.37
281,MT,17.24,48.39,16.07,21.91,52.26,20.8,1757,1884,1732,25.39,39.28,25.07,11.05,26.79,10.52,2.92,9.02,2.88,2.13,11.59,1.87,1.25,0.0,1.16,2.66,5.16,2.52,4.88,0.0,5.22,722,599.0,725,815,1027,809,13.02,27.1,12.42
282,NC,25.5,35.7,21.58,34.3,46.07,29.66,1593,1676,1533,29.61,35.44,27.66,11.2,14.61,9.34,5.19,8.18,4.32,4.73,7.32,3.66,1.79,2.89,1.54,5.46,7.4,4.64,5.76,5.96,5.46,688,650.0,711,708,680,726,20.77,25.89,18.57
283,ND,14.51,34.71,13.84,16.8,41.72,16.01,1786,993,1870,26.23,39.85,26.0,8.61,0.0,8.71,2.99,6.12,2.92,2.19,5.45,2.08,1.29,0.0,1.25,4.57,6.37,4.47,12.26,0.0,12.32,728,638.0,731,562,0,550,6.12,9.55,6.0
284,NE,16.07,32.55,14.13,19.25,39.49,16.97,2055,1995,2123,24.98,31.56,24.31,7.0,15.82,6.55,3.41,8.79,3.14,1.98,4.98,1.72,1.25,2.99,1.14,3.67,5.9,3.4,8.47,7.06,8.42,724,651.0,734,745,593,740,7.69,14.3,6.72
285,NH,14.18,0.0,14.17,19.34,0.0,19.33,1680,0,1679,24.45,0.0,24.46,8.14,0.0,8.12,3.29,0.0,3.31,2.03,0.0,2.03,1.16,0.0,1.16,2.41,0.0,2.4,6.44,0.0,6.32,732,0.0,732,537,0,530,8.03,0.0,8.01
286,NJ,18.3,30.06,12.2,24.35,36.68,17.94,1352,1286,1430,24.94,30.52,22.68,9.0,13.59,6.64,3.52,5.72,2.62,2.43,4.63,1.6,1.73,2.37,1.5,2.43,3.48,1.85,9.76,9.88,9.07,719,669.0,743,531,553,500,13.06,19.33,9.81
287,NM,25.92,31.05,15.3,34.37,40.13,22.45,1722,1658,1776,28.64,31.29,22.82,14.62,16.64,12.01,4.34,4.92,2.94,5.11,6.28,2.41,2.14,2.67,1.0,8.56,10.61,3.96,9.08,8.53,11.49,675,662.0,736,741,726,750,18.02,20.33,12.35
288,NV,27.16,37.76,18.53,34.88,46.05,25.78,2150,1969,2192,30.11,35.24,26.46,14.75,20.47,11.04,5.14,7.03,3.69,3.97,6.31,2.36,1.07,1.51,0.82,9.34,12.61,6.18,18.72,20.37,16.62,676,644.0,718,909,841,1055,18.68,23.28,15.35
289,NY,17.73,25.08,13.77,21.97,29.28,18.13,1734,1725,1789,25.66,31.13,23.45,9.5,13.21,7.51,3.96,6.12,2.96,2.64,4.5,1.97,1.8,2.63,1.6,1.73,2.46,1.42,3.75,4.68,2.85,720,675.0,740,484,450,496,6.48,5.74,7.06
290,OH,24.1,47.91,20.73,31.54,56.43,28.0,1501,1459,1507,26.71,37.12,25.68,11.68,20.39,10.17,4.02,8.14,3.61,3.49,8.81,2.91,1.53,3.22,1.43,7.71,12.96,6.98,8.55,11.49,7.78,696,603.0,713,678,696,669,16.95,22.52,16.07
291,OK,29.69,48.54,26.52,36.88,56.11,33.6,2227,2216,2211,30.12,36.55,29.41,15.15,27.95,13.25,4.75,7.52,4.46,4.7,7.33,4.3,2.21,3.85,2.04,5.72,6.89,5.3,14.22,13.72,13.64,672,597.0,678,1176,1287,1148,22.66,34.93,20.76
292,OR,15.35,0.0,14.74,18.67,0.0,17.97,1532,0,1551,24.53,0.0,24.33,10.66,0.0,10.2,2.99,0.0,2.93,1.87,0.0,1.79,0.62,0.0,0.58,3.49,0.0,3.4,8.74,0.0,8.83,725,0.0,728,625,0,642,6.17,0.0,5.88
293,PA,19.52,42.69,16.3,26.05,52.18,22.4,1795,1756,1809,25.5,37.56,24.3,10.75,21.24,8.96,3.61,8.16,3.19,2.48,5.75,2.1,1.88,4.01,1.73,3.87,6.91,3.44,4.39,4.74,4.03,722,622.0,734,583,585,582,11.51,16.22,10.83
294,RI,19.44,32.87,16.3,24.18,38.05,20.88,1681,1547,1732,26.43,34.2,24.93,9.69,14.75,8.57,3.59,6.28,3.03,2.85,4.84,2.35,1.95,1.79,1.89,2.63,4.19,2.26,7.83,11.02,5.78,717,658.0,731,584,595,568,6.1,8.24,5.5
295,SC,29.79,43.24,24.93,40.21,55.67,34.56,2119,2047,2159,30.06,36.62,28.23,13.14,18.75,11.08,5.0,7.74,4.15,5.91,10.37,4.43,1.98,3.53,1.67,7.14,9.72,6.15,6.71,7.67,6.03,674,622.0,690,957,883,997,24.92,30.96,22.2
296,SD,14.11,43.3,12.93,16.32,47.69,14.94,2185,1707,2212,25.34,37.0,25.13,6.89,12.0,6.85,3.35,5.56,3.35,2.14,9.35,1.94,1.29,0.0,1.31,3.58,4.4,3.56,11.32,0.0,10.75,729,606.0,734,726,0,726,4.17,8.57,3.95
297,TN,27.29,49.12,24.34,34.42,57.28,31.42,1959,2250,1920,28.52,39.08,27.25,12.93,19.74,11.74,4.42,9.41,3.93,4.49,10.94,3.8,1.89,4.45,1.73,5.88,11.08,5.03,13.48,18.17,11.88,682,594.0,697,996,1143,986,20.49,30.1,19.74
298,TX,29.78,37.71,21.81,40.67,49.34,31.92,2131,2104,2157,30.64,33.99,27.68,11.78,13.7,9.69,4.83,6.16,3.81,5.57,7.5,3.67,1.85,2.51,1.35,6.28,7.73,4.64,8.03,7.8,8.11,671,645.0,702,1068,1122,1025,22.67,25.26,20.09
299,UT,17.07,35.32,15.86,21.0,40.51,19.72,1992,1727,2049,26.6,34.98,26.06,9.44,17.76,9.17,3.22,7.26,3.08,2.6,8.53,2.37,1.1,0.56,1.15,4.43,6.56,4.22,9.83,14.93,9.74,718,650.0,722,1012,979,1024,13.66,25.05,12.89
300,VA,21.39,32.56,18.48,26.94,39.49,23.69,1785,1930,1666,27.23,32.78,25.79,9.45,13.65,7.67,3.59,5.73,3.09,3.01,4.31,2.68,1.44,1.95,1.44,4.5,6.05,4.12,7.5,8.48,6.98,713,665.0,727,790,921,743,16.48,24.22,14.66
301,VT,13.15,0.0,13.1,17.77,0.0,17.68,1674,0,1685,23.84,0.0,23.85,6.88,0.0,6.83,2.69,0.0,2.72,1.85,0.0,1.86,1.42,0.0,1.44,0.63,0.0,0.64,13.64,0.0,13.64,735,0.0,735,581,0,574,5.42,0.0,5.39
302,WA,14.18,19.44,12.99,17.47,23.38,16.07,1846,1732,1808,24.68,26.56,24.49,9.01,11.23,8.37,2.88,4.01,2.69,1.94,2.29,1.81,0.82,0.98,0.78,5.84,7.83,5.22,8.71,9.61,8.49,733,701.0,737,604,655,577,5.35,6.43,4.94
303,WI,16.52,47.57,13.75,20.94,53.18,18.07,1687,1465,1743,23.27,35.3,22.62,8.75,19.3,7.54,2.6,6.02,2.42,2.62,8.53,2.22,1.11,2.85,1.04,4.47,11.95,3.83,8.69,8.31,8.78,735,602.0,743,904,888,905,11.03,23.3,9.88
304,WV,29.17,0.0,29.04,40.03,0.0,39.96,1583,0,1572,29.55,0.0,29.51,13.81,0.0,13.8,4.83,0.0,4.81,3.73,0.0,3.73,2.81,0.0,2.82,4.65,0.0,4.64,3.83,0.0,3.84,675,0.0,675,669,0,662,27.0,0.0,26.97
305,WY,20.41,64.71,20.08,26.05,78.43,25.7,2532,0,2532,27.03,0.0,27.03,8.74,0.0,9.04,3.28,0.0,3.2,2.95,0.0,2.86,1.35,0.0,1.3,4.37,5.88,4.34,12.91,0.0,12.8,713,0.0,714,1563,0,1535,18.28,54.9,17.99
306,AK,22.18,31.21,17.3,26.31,30.15,21.6,2099,1295,2284,30.99,37.79,29.46,10.99,11.43,9.18,3.48,3.59,2.95,2.27,0.57,2.23,1.82,6.38,1.73,4.2,8.1,2.69,32.27,21.31,33.56,704,652.0,724,1311,611,1395,14.65,8.9,12.62
307,AL,30.07,47.54,25.6,36.92,55.78,32.11,1952,1973,1921,29.81,37.05,28.38,12.14,18.67,9.98,4.97,8.61,4.34,6.12,10.7,4.97,2.38,3.74,2.11,8.71,13.97,7.24,16.64,21.45,14.87,672,605.0,684,982,1103,927,19.36,27.53,17.39
308,AR,29.61,47.53,27.08,37.23,56.52,34.47,1675,1836,1646,28.94,36.8,28.07,13.0,19.51,11.83,5.65,11.18,5.19,4.88,8.71,4.35,1.94,2.53,1.87,3.56,4.65,3.39,5.44,6.75,5.0,673,603.0,677,662,741,654,19.87,23.42,19.15
309,AZ,22.34,35.21,15.84,30.11,44.54,22.8,2055,1977,2052,26.13,32.76,23.24,12.04,16.37,9.85,3.91,6.51,3.04,3.71,6.33,2.43,1.13,2.21,0.74,5.37,8.18,3.98,8.99,8.85,8.86,697,648.0,730,938,988,894,15.87,21.66,12.54
310,CA,17.58,21.39,11.7,23.12,27.51,16.37,1860,1878,1698,23.3,25.24,20.52,9.71,11.26,7.45,3.44,4.22,2.48,2.76,3.47,1.59,0.97,1.16,0.75,4.75,5.88,2.76,14.42,14.36,14.06,716,693.0,744,743,773,666,8.62,9.53,7.21
311,CO,17.33,30.52,14.05,23.2,38.56,19.3,1635,1362,1692,24.5,31.11,23.03,9.46,14.03,8.1,3.25,5.47,2.83,2.55,4.17,2.1,1.01,1.9,0.8,4.51,7.93,3.63,13.98,19.26,11.38,728,668.0,743,741,637,757,12.51,21.04,10.44
312,CT,17.9,35.4,12.1,24.12,42.63,17.77,1519,1438,1530,24.41,33.37,22.09,8.17,14.58,6.18,3.52,7.37,2.61,2.4,6.08,1.53,1.87,2.34,1.75,1.59,3.2,1.07,8.53,8.85,7.36,727,653.0,749,550,601,501,11.07,16.95,8.66
313,DC,21.61,31.3,5.23,25.48,36.15,6.82,1607,1641,1312,24.31,30.88,15.36,11.12,13.92,4.32,4.1,6.27,1.79,6.27,8.59,1.12,1.28,1.59,0.9,3.04,4.34,0.41,8.0,8.09,0.0,709,666.0,764,625,700,449,6.96,9.34,2.32
314,DE,22.61,38.21,17.94,30.57,49.14,25.02,1837,1929,1663,25.57,34.62,23.01,9.77,14.9,7.68,3.93,6.11,3.22,3.68,6.36,2.83,1.79,2.24,1.53,6.16,10.46,4.7,8.76,9.02,8.48,702,645.0,725,784,979,697,17.68,29.85,14.6
315,FL,23.86,30.55,19.28,32.56,39.39,27.69,2238,2328,2157,27.96,32.63,24.99,11.37,12.87,10.1,4.85,6.7,3.8,3.57,4.91,2.87,1.61,1.97,1.39,5.2,6.18,4.41,7.62,7.96,7.28,689,665.0,717,1056,1083,1026,17.88,19.97,16.01
316,GA,28.78,37.93,23.27,36.65,47.11,30.66,1996,2087,1924,30.91,36.3,28.39,12.56,15.73,10.04,5.52,8.34,4.26,5.24,7.51,3.99,1.96,2.65,1.69,6.28,8.62,4.88,6.94,7.73,6.26,672,642.0,691,953,919,996,18.86,21.51,17.41
317,HI,14.74,14.91,14.41,18.14,18.17,20.34,2090,2076,0,24.28,24.28,24.32,9.41,9.17,0.0,3.23,3.29,1.49,3.28,3.4,0.0,1.44,1.52,0.0,4.18,4.3,3.39,12.13,12.55,0.0,727,726.0,709,461,463,0,6.88,6.79,6.78
318,IA,16.81,46.2,16.12,21.88,51.9,21.1,1637,903,1671,22.51,27.42,22.25,9.3,0.0,9.03,2.86,9.09,2.76,1.99,0.0,1.94,1.37,0.0,1.33,2.88,2.53,2.8,7.1,0.0,7.05,731,608.0,734,607,0,608,10.56,14.56,10.18
319,ID,16.94,30.43,16.47,21.33,40.58,20.75,2248,0,2282,24.08,0.0,23.98,9.01,0.0,8.81,3.21,0.0,3.16,2.42,0.0,2.34,0.98,0.0,0.94,6.4,10.14,6.31,11.34,0.0,11.29,721,659.0,723,997,0,1013,12.42,24.64,12.07
320,IL,20.51,36.16,15.68,27.44,44.13,22.15,1506,1475,1538,24.53,32.35,22.6,9.72,16.17,7.63,3.62,6.58,2.87,3.54,6.42,2.83,1.76,2.66,1.63,4.51,7.83,3.47,9.19,10.86,8.02,713,650.0,736,646,630,658,14.49,20.2,12.72
321,IN,23.64,43.42,21.13,30.55,52.05,27.82,1872,1852,1877,26.41,35.64,25.59,12.2,20.3,10.99,4.03,8.13,3.69,3.5,7.28,3.11,1.78,3.82,1.68,5.96,9.79,5.47,6.97,8.35,6.54,691,620.0,704,814,731,834,18.92,30.49,17.55
322,KS,21.7,40.1,18.7,27.25,47.14,23.98,1737,1432,1757,24.72,32.2,23.61,12.07,23.81,10.88,3.31,6.9,2.9,2.59,4.35,2.22,1.59,1.79,1.54,4.4,6.06,4.0,8.07,14.37,7.3,707,641.0,722,840,795,842,17.36,30.42,15.36
323,KY,26.75,58.71,25.3,34.85,67.75,33.33,1305,1079,1313,26.52,38.08,26.02,13.18,19.23,12.93,4.46,12.79,4.25,4.06,8.57,3.84,1.74,6.42,1.71,5.43,8.31,5.15,7.15,10.78,7.02,678,560.0,684,505,573,500,18.46,35.59,17.75
324,LA,31.31,43.59,26.14,40.88,54.77,35.08,1919,1942,1922,30.26,35.78,28.41,12.44,15.41,10.47,5.44,7.91,4.58,6.21,9.55,4.98,2.36,3.8,1.9,6.82,9.74,5.62,17.7,20.76,15.19,669,623.0,682,853,838,868,23.04,28.5,20.8
325,MA,14.24,28.42,11.45,18.61,34.41,15.58,1612,1477,1680,21.78,31.21,20.53,7.13,12.49,6.07,3.21,6.47,2.71,2.12,4.4,1.73,1.26,1.85,1.19,1.66,4.22,1.23,9.22,7.76,10.34,737,668.0,749,402,430,395,4.77,7.42,4.29
326,MD,21.15,28.82,15.91,26.92,35.83,21.03,1595,1699,1488,26.89,32.84,23.84,9.98,12.29,7.9,4.35,6.12,3.33,3.54,4.87,2.59,1.91,2.76,1.5,3.87,5.48,2.8,6.23,6.77,5.14,708,670.0,736,529,572,493,12.04,14.89,10.41
327,ME,18.35,0.0,18.31,27.16,0.0,27.11,1728,0,1723,24.49,0.0,24.44,8.41,0.0,8.33,3.19,0.0,3.19,1.81,0.0,1.81,1.95,0.0,1.92,3.13,0.0,3.13,6.13,0.0,6.05,720,0.0,721,953,0,956,17.81,0.0,17.79
328,MI,20.5,45.23,16.95,27.85,56.05,23.81,1460,1752,1376,24.54,37.01,23.36,12.24,25.12,9.97,3.22,8.8,2.74,3.36,12.54,2.45,1.35,3.35,1.24,4.33,10.07,3.49,7.52,7.74,7.19,716,607.0,729,477,481,479,14.23,21.45,13.07
329,MN,11.46,26.93,10.52,14.06,32.21,12.94,1693,1837,1687,21.25,31.26,20.74,6.96,16.51,6.37,2.5,4.84,2.37,1.76,4.49,1.61,0.98,1.26,0.94,2.22,4.13,2.1,4.87,5.22,4.47,745,669.0,749,428,563,417,2.39,4.56,2.26
330,MO,24.08,50.72,20.92,31.77,60.94,28.25,1971,2198,1921,25.38,35.91,24.42,11.65,19.93,10.57,3.9,9.22,3.52,4.17,10.79,3.57,1.6,2.88,1.51,6.52,13.46,5.69,9.85,12.55,9.08,699,589.0,714,853,1028,826,18.98,34.91,17.08
331,MS,31.71,43.79,26.11,38.34,50.63,32.48,1791,1784,1815,32.21,37.31,30.39,13.81,17.97,11.27,6.78,10.41,5.77,7.06,10.39,5.65,3.23,4.33,2.64,7.79,9.5,6.94,14.34,16.54,12.52,663,617.0,675,883,1001,826,19.33,22.5,17.57
332,MT,16.82,47.72,15.65,21.89,51.63,20.76,1733,1896,1726,23.87,35.87,23.59,10.02,20.75,9.55,2.94,9.56,2.91,2.22,13.33,1.86,1.11,0.0,1.08,2.71,5.42,2.56,4.56,0.0,4.63,724,602.0,727,799,1122,779,13.01,25.38,12.44
333,NC,25.18,35.56,21.18,34.51,46.38,29.78,1615,1696,1556,28.14,34.09,26.08,10.72,14.23,8.75,5.11,8.04,4.23,4.92,7.36,3.86,1.83,2.84,1.57,5.48,7.55,4.62,5.59,5.65,5.45,690,651.0,713,731,692,746,21.11,26.36,18.81
334,ND,14.61,35.05,13.91,16.63,40.84,15.82,1883,1018,1962,24.85,38.16,24.64,7.76,0.0,7.84,2.77,5.05,2.69,2.04,2.7,1.97,1.31,0.0,1.3,4.47,6.75,4.37,11.61,0.0,11.18,730,641.0,732,541,0,533,6.11,8.68,5.97
335,NE,15.77,32.01,13.81,19.18,39.4,16.94,2140,1956,2229,23.58,30.36,22.94,6.85,16.49,6.42,3.38,8.16,3.11,2.15,5.38,1.88,1.26,3.39,1.12,3.72,5.72,3.45,8.25,4.88,8.73,728,653.0,737,789,710,785,7.55,13.53,6.7
336,NH,13.67,0.0,13.64,19.17,0.0,19.14,1701,0,1698,22.97,0.0,22.98,7.74,0.0,7.74,3.01,0.0,3.01,2.0,0.0,2.02,1.46,0.0,1.47,2.43,0.0,2.43,6.7,0.0,6.58,736,0.0,736,538,0,531,7.88,0.0,7.84
337,NJ,17.8,29.3,11.83,24.18,36.37,17.8,1357,1286,1445,23.49,29.11,21.15,8.61,12.94,6.32,3.38,5.5,2.51,2.47,4.75,1.59,1.76,2.63,1.53,2.43,3.45,1.86,8.92,10.06,7.4,722,671.0,745,529,550,500,12.91,19.17,9.67
338,NM,25.28,30.53,14.93,33.98,39.77,22.21,1723,1680,1584,27.26,29.9,21.85,13.78,15.88,10.74,4.11,4.57,2.97,5.03,6.06,2.9,1.92,2.34,0.67,8.63,10.72,4.15,8.6,8.42,12.26,675,663.0,738,734,713,760,17.56,19.82,12.01
339,NV,26.46,36.94,17.88,34.61,45.68,25.31,2138,1952,2226,28.7,33.86,24.94,13.97,19.16,10.52,4.88,6.72,3.44,4.09,6.62,2.44,1.03,1.57,0.67,9.29,12.42,6.16,18.69,20.16,16.56,678,647.0,722,885,790,1031,18.23,22.46,14.92
340,NY,17.16,24.21,13.38,21.88,29.11,18.13,1719,1719,1769,24.28,29.79,22.02,9.19,12.89,7.23,3.79,5.79,2.89,2.69,4.53,2.04,1.95,3.01,1.7,1.72,2.45,1.43,3.61,4.2,2.81,722,678.0,742,478,439,494,6.56,5.83,7.13
341,OH,23.61,47.28,20.24,31.48,56.42,27.91,1478,1407,1496,25.19,35.66,24.16,11.18,19.43,9.81,3.92,8.44,3.48,3.6,9.15,2.95,1.56,4.16,1.42,7.67,12.8,6.95,8.56,10.71,7.9,698,606.0,715,664,680,658,16.79,22.49,15.91
342,OK,29.28,48.12,26.22,36.74,56.39,33.51,2209,2183,2199,28.74,34.66,28.01,14.77,25.0,13.38,4.58,7.66,4.23,4.86,7.19,4.42,2.0,3.35,1.81,5.76,6.95,5.35,13.98,14.34,13.65,674,599.0,679,1154,1316,1128,22.07,34.82,20.23
343,OR,14.79,0.0,14.2,18.31,0.0,17.64,1556,0,1561,23.09,0.0,22.89,10.1,0.0,9.66,2.82,0.0,2.77,1.83,0.0,1.76,0.84,0.0,0.81,3.46,0.0,3.36,8.52,0.0,8.7,728,0.0,730,624,0,640,5.99,0.0,5.7
344,PA,18.93,41.2,15.83,25.71,51.16,22.17,1781,1756,1782,24.01,35.77,22.8,10.35,20.19,8.64,3.58,8.33,3.13,2.54,6.27,2.12,1.9,4.28,1.73,3.89,6.94,3.47,3.83,3.86,3.69,724,627.0,737,576,577,576,11.3,16.06,10.63
345,RI,19.05,32.13,15.94,24.0,37.62,20.68,1622,1490,1690,25.16,32.71,23.71,9.23,13.16,8.31,3.6,5.96,3.09,2.74,4.55,2.34,1.93,1.74,1.9,2.71,4.21,2.33,7.92,9.32,6.69,718,659.0,732,550,537,556,6.17,8.67,5.49
346,SC,29.51,43.05,24.66,40.12,55.31,34.53,2121,2048,2144,28.86,35.72,27.03,12.76,17.73,10.74,4.84,7.46,4.05,5.8,9.65,4.35,2.09,3.69,1.84,7.12,9.58,6.14,6.15,6.59,5.52,675,624.0,692,958,887,993,24.71,30.82,22.04
347,SD,13.9,41.32,12.75,16.41,45.71,15.12,2183,1981,2193,24.02,35.97,23.77,6.64,8.0,6.72,3.09,3.7,3.09,2.36,7.09,2.19,1.0,0.0,1.0,3.56,3.96,3.56,9.92,0.0,9.43,730,613.0,735,735,0,734,4.13,7.69,3.93
348,TN,26.76,48.67,23.77,34.26,56.76,31.28,1975,2144,1944,27.03,37.67,25.68,12.35,18.66,11.2,4.33,9.49,3.76,4.52,11.0,3.71,1.82,3.89,1.69,5.88,10.97,5.05,13.52,17.88,12.25,685,596.0,700,989,1070,991,20.24,27.94,19.66
349,TX,29.37,37.26,21.38,40.3,48.82,31.75,2142,2123,2155,29.34,32.79,26.34,11.6,13.51,9.49,4.7,6.02,3.69,5.56,7.44,3.72,1.85,2.53,1.41,6.29,7.75,4.66,8.25,7.99,8.37,672,646.0,704,1032,1101,999,22.16,24.62,19.79
350,UT,16.65,34.29,15.46,20.84,40.59,19.54,2010,1732,2079,25.08,33.0,24.51,9.36,16.82,9.0,3.01,7.67,2.8,2.49,7.55,2.26,0.94,0.56,0.96,4.45,6.4,4.22,9.61,12.31,9.57,720,653.0,725,1045,1029,1061,13.49,24.33,12.74
351,VA,20.83,31.52,18.04,26.56,38.71,23.45,1764,1882,1667,25.69,31.31,24.27,9.21,12.94,7.52,3.59,5.59,3.07,3.02,4.48,2.66,1.38,1.95,1.34,4.57,6.22,4.17,7.44,8.11,7.11,717,667.0,730,774,866,730,15.96,22.89,14.31
352,VT,12.92,0.0,12.88,17.67,0.0,17.61,1658,0,1673,22.3,0.0,22.32,6.59,0.0,6.64,2.48,0.0,2.45,1.84,0.0,1.85,1.64,0.0,1.67,0.62,0.0,0.62,9.23,0.0,9.38,737,0.0,738,582,0,584,5.31,0.0,5.27
353,WA,13.86,19.19,12.66,17.51,23.41,16.1,1840,1819,1819,23.29,25.54,23.09,8.48,10.27,7.92,2.69,4.07,2.47,1.88,2.39,1.68,0.83,1.14,0.8,5.77,7.73,5.14,9.15,8.43,9.05,735,702.0,740,616,681,581,5.48,6.89,5.02
354,WI,16.15,46.25,13.44,20.83,52.79,17.95,1664,1464,1726,21.75,34.26,21.04,8.28,18.29,7.12,2.45,6.67,2.22,2.57,8.56,2.17,1.09,2.86,1.02,4.46,11.95,3.8,8.61,8.15,8.73,738,608.0,746,898,906,898,10.97,22.77,9.84
355,WV,28.62,0.0,28.47,40.12,0.0,40.04,1577,0,1569,28.07,0.0,28.05,13.36,0.0,13.32,4.69,0.0,4.66,3.62,0.0,3.6,2.99,0.0,2.98,4.69,0.0,4.68,3.04,0.0,3.03,675,0.0,675,687,0,685,26.94,0.0,26.91
356,WY,19.42,62.26,19.03,25.29,77.36,24.94,2674,0,2704,25.32,0.0,25.36,8.46,0.0,8.65,3.06,0.0,3.01,3.04,0.0,2.98,1.34,0.0,1.33,4.37,5.66,4.34,12.76,0.0,12.33,717,0.0,718,1607,0,1564,17.32,54.72,17.04
357,AK,21.04,31.94,16.37,25.66,31.66,20.93,2131,1306,2365,31.67,41.65,29.74,10.32,18.71,8.77,2.99,4.57,2.54,1.75,0.57,1.47,1.4,4.09,1.17,0.0,0.0,0.0,0.0,0.0,0.0,706,649.0,725,1363,773,1481,14.06,9.95,12.05
358,AL,28.55,45.75,24.27,36.26,55.6,31.5,1886,1919,1873,29.38,36.76,27.93,11.06,16.2,9.51,4.71,8.76,3.99,5.62,10.86,4.5,1.86,3.19,1.61,0.0,0.0,0.0,0.0,0.0,0.0,675,611.0,689,986,1134,933,18.7,27.06,16.85
359,AR,27.76,45.94,25.05,36.2,55.55,33.31,1661,1798,1637,28.95,36.75,28.13,11.74,17.1,10.64,5.01,9.41,4.6,4.21,9.24,3.63,1.68,3.85,1.51,0.0,0.0,0.0,0.0,0.0,0.0,675,609.0,684,641,652,635,19.36,23.17,18.53
360,AZ,20.63,32.79,14.51,29.09,42.53,22.18,2039,1966,2067,25.8,31.85,23.07,11.03,14.99,9.08,3.49,5.43,2.68,2.93,5.08,2.01,0.91,1.6,0.68,0.0,0.0,0.0,0.0,0.0,0.0,703,655.0,732,919,975,865,15.28,20.59,12.18
361,CA,16.21,19.71,10.86,22.14,26.31,15.67,1838,1846,1695,23.51,25.08,21.14,9.02,10.51,6.81,2.94,3.61,2.1,2.28,2.88,1.3,0.82,0.96,0.65,0.0,0.0,0.0,0.0,0.0,0.0,719,699.0,745,740,762,706,8.3,9.13,6.97
362,CO,16.39,28.78,13.27,22.53,36.93,18.83,1703,1450,1760,24.99,30.4,23.73,8.14,12.16,6.96,2.91,4.82,2.49,2.22,3.94,1.74,0.83,1.39,0.7,0.0,0.0,0.0,0.0,0.0,0.0,729,672.0,743,753,686,775,12.1,19.66,10.15
363,CT,16.67,33.35,11.13,23.16,41.03,17.1,1461,1387,1509,24.8,32.91,22.64,7.33,12.64,5.63,3.31,6.76,2.47,1.87,4.6,1.26,1.56,2.51,1.43,0.0,0.0,0.0,0.0,0.0,0.0,729,659.0,749,532,576,499,10.22,15.23,8.13
364,DC,20.74,30.25,5.49,24.74,35.43,7.35,1534,1597,953,25.74,32.05,17.45,10.11,12.65,4.92,3.77,6.03,1.41,5.79,7.88,1.4,1.11,1.81,0.68,0.0,0.0,0.0,0.0,0.0,0.0,712,668.0,757,596,638,400,6.97,9.55,2.43
365,DE,21.23,36.31,16.94,29.86,47.94,24.45,1756,1869,1638,26.17,35.48,23.81,9.28,12.91,7.42,3.75,6.89,2.79,3.22,5.45,2.59,1.62,3.11,1.15,0.0,0.0,0.0,0.0,0.0,0.0,708,647.0,728,744,870,657,17.47,28.61,14.36
366,FL,22.03,28.11,17.92,31.45,37.99,26.87,2151,2234,2073,27.27,31.28,24.57,10.67,12.02,9.55,4.2,5.6,3.36,2.87,3.74,2.31,1.4,1.86,1.16,0.0,0.0,0.0,0.0,0.0,0.0,696,669.0,721,1006,1025,983,16.78,18.38,15.25
367,GA,27.24,35.96,21.96,36.18,46.45,30.16,1948,2055,1859,30.35,35.57,27.91,11.62,14.73,8.94,4.99,7.41,3.91,4.31,6.0,3.33,1.64,2.21,1.39,0.0,0.0,0.0,0.0,0.0,0.0,675,647.0,696,965,942,988,19.1,21.74,17.43
368,HI,13.82,13.87,18.38,17.91,17.88,20.09,1864,1871,0,24.11,24.12,24.83,8.36,7.99,0.0,2.63,2.62,3.76,2.31,2.42,0.0,1.22,1.24,0.0,0.0,0.0,0.0,0.0,0.0,0.0,730,730.0,692,432,435,0,6.27,6.24,2.99
369,IA,15.95,41.94,15.25,21.3,48.06,20.52,1561,1070,1590,22.95,30.54,22.71,8.39,13.85,8.17,2.7,8.77,2.63,1.67,4.82,1.6,1.21,0.0,1.17,0.0,0.0,0.0,0.0,0.0,0.0,732,627.0,735,582,0,585,10.19,15.48,9.8
370,ID,15.64,28.79,15.22,20.62,41.67,20.12,2109,1687,2149,23.94,30.84,23.8,7.92,0.0,7.81,2.8,1.89,2.79,2.06,4.92,2.0,0.85,0.0,0.83,0.0,0.0,0.0,0.0,0.0,0.0,724,667.0,726,935,0,944,11.81,18.94,11.48
371,IL,19.34,34.27,14.75,27.03,43.58,21.9,1486,1499,1514,24.7,31.88,22.97,8.58,14.02,6.88,3.19,6.06,2.52,3.09,5.88,2.33,1.51,2.35,1.37,0.0,0.0,0.0,0.0,0.0,0.0,716,655.0,737,649,649,662,14.55,20.55,12.67
372,IN,21.96,40.2,19.63,29.21,49.78,26.62,1778,1771,1767,26.09,33.83,25.36,10.94,18.86,9.74,3.56,6.83,3.25,3.02,7.24,2.55,1.52,2.56,1.43,0.0,0.0,0.0,0.0,0.0,0.0,697,633.0,709,797,756,807,17.4,27.36,16.2
373,KS,20.69,37.44,17.9,26.91,45.75,23.71,1684,1337,1706,24.98,30.98,24.06,10.28,17.92,9.37,3.26,6.4,2.92,2.39,3.91,2.1,1.28,2.67,1.16,0.0,0.0,0.0,0.0,0.0,0.0,710,648.0,722,841,778,825,17.28,29.14,15.38
374,KY,25.57,59.02,24.14,34.31,69.31,32.79,1282,986,1298,26.47,36.8,26.0,11.77,21.41,11.24,4.1,10.63,3.9,3.42,10.42,3.22,1.7,4.95,1.64,0.0,0.0,0.0,0.0,0.0,0.0,681,555.0,688,520,573,510,18.07,35.03,17.42
375,LA,29.17,40.28,24.28,39.25,52.24,33.67,1862,1889,1857,29.84,34.59,28.14,11.31,14.23,9.52,4.74,6.6,4.09,5.33,7.82,4.28,2.07,2.92,1.88,0.0,0.0,0.0,0.0,0.0,0.0,673,635.0,688,824,830,813,21.34,26.21,19.35
376,MA,13.09,26.31,10.34,17.82,32.81,14.86,1572,1552,1607,22.31,30.65,21.07,6.41,11.37,5.51,2.96,6.16,2.47,1.51,3.09,1.22,1.09,1.74,1.02,0.0,0.0,0.0,0.0,0.0,0.0,738,673.0,749,405,451,385,4.3,6.25,3.9
377,MD,19.71,27.01,14.79,25.95,34.61,20.35,1569,1690,1422,27.09,32.4,24.16,9.0,11.39,6.69,3.77,5.53,2.8,3.24,4.8,2.21,1.57,2.4,1.25,0.0,0.0,0.0,0.0,0.0,0.0,712,673.0,738,522,573,483,11.55,14.26,10.09
378,ME,16.55,0.0,16.52,25.71,0.0,25.68,1636,0,1640,24.0,0.0,24.01,7.77,0.0,7.7,2.5,0.0,2.52,1.48,0.0,1.47,1.52,0.0,1.5,0.0,0.0,0.0,0.0,0.0,0.0,725,0.0,725,857,0,865,16.67,0.0,16.67
379,MI,19.12,43.68,15.65,26.88,54.57,22.95,1391,1660,1310,24.64,36.49,23.49,10.72,21.41,8.87,3.11,8.31,2.61,3.04,11.58,2.13,1.17,2.91,1.07,0.0,0.0,0.0,0.0,0.0,0.0,719,612.0,732,458,477,455,13.55,19.93,12.49
380,MN,10.76,26.77,9.78,13.55,31.65,12.43,1624,1523,1633,21.68,31.1,21.21,6.18,14.63,5.66,2.24,5.13,2.08,1.55,5.07,1.37,0.87,1.81,0.83,0.0,0.0,0.0,0.0,0.0,0.0,746,671.0,750,425,473,419,2.36,4.24,2.25
381,MO,22.38,48.11,19.4,30.59,59.51,27.21,1917,2141,1871,25.32,35.33,24.37,10.09,18.08,9.0,3.57,8.56,3.15,3.62,9.18,3.04,1.36,3.31,1.23,0.0,0.0,0.0,0.0,0.0,0.0,704,601.0,717,855,1038,823,17.86,33.13,16.06
382,MS,29.89,41.18,24.59,37.14,49.12,31.39,1744,1743,1714,31.88,36.25,30.22,12.79,17.31,10.11,5.91,8.68,4.98,6.56,9.79,5.12,2.99,4.08,2.65,0.0,0.0,0.0,0.0,0.0,0.0,667,627.0,678,839,910,790,18.54,21.94,16.74
383,MT,15.88,48.55,14.79,20.64,53.13,19.56,1643,1645,1627,23.99,37.55,23.77,8.47,16.24,8.22,2.43,6.34,2.37,1.91,13.54,1.58,1.06,3.64,1.02,0.0,0.0,0.0,0.0,0.0,0.0,728,600.0,732,764,794,755,11.89,28.57,11.27
384,NC,23.73,33.76,19.88,33.89,45.76,29.27,1616,1661,1593,27.88,33.48,26.06,10.03,12.88,8.26,4.28,6.68,3.56,3.39,5.66,2.61,1.6,2.31,1.37,0.0,0.0,0.0,0.0,0.0,0.0,695,656.0,717,757,746,784,20.91,26.44,18.63
385,ND,13.71,33.76,13.01,16.22,40.06,15.38,1828,955,1904,24.91,37.96,24.65,5.89,10.0,5.74,2.71,7.11,2.63,2.05,3.46,1.93,1.04,0.0,1.02,0.0,0.0,0.0,0.0,0.0,0.0,733,639.0,736,579,595,578,5.16,8.08,5.03
386,NE,14.55,30.23,12.68,18.32,36.69,16.06,2116,2129,2131,23.35,29.77,22.78,5.95,13.39,5.54,2.99,6.83,2.71,1.77,2.81,1.6,1.13,2.82,1.02,0.0,0.0,0.0,0.0,0.0,0.0,730,660.0,738,785,761,785,7.13,11.97,6.34
387,NH,12.36,0.0,12.34,18.03,0.0,18.01,1669,0,1669,22.83,0.0,22.82,6.43,0.0,6.45,2.66,0.0,2.66,1.51,0.0,1.51,1.01,0.0,1.0,0.0,0.0,0.0,0.0,0.0,0.0,739,0.0,739,498,0,498,6.98,0.0,6.96
388,NJ,16.29,27.03,10.65,22.93,34.52,16.77,1294,1215,1389,23.86,28.98,21.6,7.84,11.74,5.78,3.05,4.82,2.29,2.18,4.17,1.36,1.47,1.94,1.31,0.0,0.0,0.0,0.0,0.0,0.0,724,675.0,746,500,510,486,12.19,18.35,8.97
389,NM,24.04,29.07,13.31,33.21,38.93,20.16,1699,1659,1787,27.45,29.95,22.1,12.31,14.43,9.1,3.34,3.96,2.21,4.21,5.44,1.85,1.63,2.18,0.52,0.0,0.0,0.0,0.0,0.0,0.0,680,667.0,741,742,751,748,17.36,19.86,11.29
390,NV,24.44,34.69,16.55,33.51,44.57,24.59,2078,2018,2052,28.18,32.49,25.05,12.14,16.03,8.98,4.29,6.04,3.05,2.91,4.53,1.8,0.78,1.18,0.66,0.0,0.0,0.0,0.0,0.0,0.0,685,654.0,723,867,830,953,17.71,22.25,14.2
391,NY,16.01,22.61,12.43,21.01,28.05,17.34,1700,1698,1754,24.63,29.76,22.46,8.3,11.45,6.65,3.44,5.28,2.61,2.26,3.98,1.63,1.67,2.64,1.46,0.0,0.0,0.0,0.0,0.0,0.0,724,682.0,743,464,442,474,5.94,5.43,6.39
392,OH,22.19,45.05,19.0,30.5,55.09,27.08,1419,1334,1434,25.33,35.29,24.36,9.95,17.06,8.83,3.6,8.33,3.14,3.28,8.0,2.69,1.49,2.97,1.41,0.0,0.0,0.0,0.0,0.0,0.0,702,616.0,718,657,681,645,16.2,22.07,15.33
393,OK,28.21,46.67,25.16,37.05,55.68,34.02,2030,1973,2029,28.94,34.34,28.32,13.44,21.69,12.05,4.38,7.41,4.0,4.07,6.79,3.66,1.82,3.07,1.7,0.0,0.0,0.0,0.0,0.0,0.0,675,606.0,682,974,1136,942,23.72,36.15,21.91
394,OR,13.68,52.17,13.06,17.4,53.26,16.76,1608,0,1611,23.29,0.0,23.15,9.44,0.0,9.08,2.58,0.0,2.51,1.53,0.0,1.48,0.7,0.0,0.67,0.0,0.0,0.0,0.0,0.0,0.0,730,578.0,732,618,0,630,5.45,17.39,5.15
395,PA,17.5,38.71,14.58,24.68,49.47,21.26,1706,1692,1712,24.07,35.71,22.81,9.19,18.11,7.72,3.3,8.02,2.81,2.23,6.1,1.79,1.62,4.23,1.44,0.0,0.0,0.0,0.0,0.0,0.0,727,636.0,739,550,567,546,10.52,14.74,9.95
396,RI,17.03,29.37,14.09,22.17,34.95,19.02,1607,1341,1741,24.88,32.93,23.28,8.36,12.19,7.47,3.42,6.41,2.83,2.22,4.73,1.76,1.44,1.33,1.39,0.0,0.0,0.0,0.0,0.0,0.0,722,665.0,735,522,499,538,5.5,7.47,4.97
397,SC,27.9,41.97,22.99,39.43,55.8,33.64,2147,2101,2157,28.25,34.64,26.41,11.55,16.62,9.57,4.55,7.07,3.83,5.65,7.77,4.59,1.84,3.63,1.51,0.0,0.0,0.0,0.0,0.0,0.0,675,629.0,699,980,919,1008,24.4,31.31,21.47
398,SD,12.72,38.82,11.66,15.71,46.02,14.44,2292,1740,2342,24.04,35.34,23.82,6.59,13.59,6.44,2.69,5.65,2.61,1.84,10.1,1.59,1.02,0.0,1.03,0.0,0.0,0.0,0.0,0.0,0.0,733,623.0,737,683,804,670,3.4,7.96,3.19
399,TN,25.12,45.36,22.51,33.4,55.57,30.6,1954,2051,1948,26.79,36.12,25.53,11.03,18.67,9.67,3.83,8.37,3.36,3.99,9.29,3.3,1.56,3.08,1.42,0.0,0.0,0.0,0.0,0.0,0.0,690,608.0,704,970,900,1000,19.33,24.33,19.12
400,TX,27.51,35.05,20.08,39.42,47.84,31.13,2077,2048,2097,29.12,31.97,26.66,10.21,11.86,8.31,4.11,5.17,3.26,4.79,6.45,3.23,1.55,2.1,1.22,0.0,0.0,0.0,0.0,0.0,0.0,675,652.0,708,990,1050,965,21.19,23.39,19.1
401,UT,15.63,33.46,14.37,19.98,39.27,18.61,2012,1620,2082,24.81,31.4,24.35,7.99,18.55,7.66,2.64,6.36,2.48,2.03,4.53,1.87,0.88,0.28,0.92,0.0,0.0,0.0,0.0,0.0,0.0,723,658.0,728,1011,879,1033,12.9,24.11,12.07
402,VA,19.61,29.65,16.89,26.01,37.82,22.98,1731,1825,1671,26.0,31.33,24.55,8.17,11.45,6.89,3.22,4.98,2.76,2.71,4.13,2.33,1.21,1.56,1.18,0.0,0.0,0.0,0.0,0.0,0.0,720,670.0,732,753,861,707,15.98,22.93,14.39
403,VT,12.23,0.0,12.17,17.11,0.0,17.03,1534,0,1534,22.65,0.0,22.62,6.49,0.0,6.42,2.23,0.0,2.23,1.58,0.0,1.55,1.13,0.0,1.15,0.0,0.0,0.0,0.0,0.0,0.0,740,0.0,741,510,0,510,5.11,0.0,5.07
404,WA,12.75,17.27,11.65,16.67,22.14,15.34,1831,1625,1850,23.58,24.7,23.41,7.66,8.97,7.19,2.44,3.37,2.26,1.66,2.69,1.43,0.68,0.55,0.67,0.0,0.0,0.0,0.0,0.0,0.0,736,710.0,741,606,511,588,5.34,6.59,4.86
405,WI,15.23,44.32,12.66,20.64,52.07,17.89,1630,1440,1682,21.71,33.76,21.02,7.39,17.37,6.27,2.2,6.03,1.99,2.29,7.45,1.93,0.98,3.36,0.9,0.0,0.0,0.0,0.0,0.0,0.0,740,618.0,747,922,873,930,11.5,24.99,10.29
406,WV,27.18,0.0,27.02,39.04,0.0,38.93,1565,0,1563,27.69,0.0,27.67,11.8,0.0,11.71,4.37,0.0,4.35,3.33,0.0,3.32,2.37,0.0,2.37,0.0,0.0,0.0,0.0,0.0,0.0,677,0.0,677,628,0,631,25.75,0.0,25.74
407,WY,19.17,57.55,18.9,24.97,68.87,24.7,2779,2499,2808,26.31,0.0,26.36,9.52,0.0,9.6,3.06,0.0,3.01,2.49,0.0,2.45,1.39,0.0,1.38,0.0,0.0,0.0,0.0,0.0,0.0,718,556.0,719,1611,0,1611,17.33,45.28,17.17
