,Year,State,GeoName,Description,Total
0,2016-01-01,0,0,4,174402
1,2017-01-01,0,0,4,176320
2,2018-01-01,0,0,4,178476
3,2019-01-01,0,0,4,179351
4,2016-01-01,0,0,3,23733
5,2017-01-01,0,0,3,24106
6,2018-01-01,0,0,3,24419
7,2019-01-01,0,0,3,24201
8,2016-01-01,0,0,1,96244
9,2017-01-01,0,0,1,97731
10,2018-01-01,0,0,1,100114
11,2019-01-01,0,0,1,97570
12,2016-01-01,0,0,5,132024
13,2017-01-01,0,0,5,136100
14,2018-01-01,0,0,5,140652
15,2019-01-01,0,0,5,142288
16,2016-01-01,0,0,0,36130
17,2017-01-01,0,0,0,36651
18,2018-01-01,0,0,0,35850
19,2019-01-01,0,0,0,36894
20,2016-01-01,0,0,2,200843
21,2017-01-01,0,0,2,204263
22,2018-01-01,0,0,2,207762
23,2019-01-01,0,0,2,213194
24,2016-01-01,0,1,4,96790
25,2017-01-01,0,1,4,97795
26,2018-01-01,0,1,4,99118
27,2019-01-01,0,1,4,99899
28,2016-01-01,0,1,3,3355
29,2017-01-01,0,1,3,3383
30,2018-01-01,0,1,3,3262
31,2019-01-01,0,1,3,3141
32,2016-01-01,0,1,1,15159
33,2017-01-01,0,1,1,14934
34,2018-01-01,0,1,1,15410
35,2019-01-01,0,1,1,14901
36,2016-01-01,0,1,5,13435
37,2017-01-01,0,1,5,13762
38,2018-01-01,0,1,5,14710
39,2019-01-01,0,1,5,14515
40,2016-01-01,0,1,0,5592
41,2017-01-01,0,1,0,5733
42,2018-01-01,0,1,0,5591
43,2019-01-01,0,1,0,5832
44,2016-01-01,0,1,2,45460
45,2017-01-01,0,1,2,45656
46,2018-01-01,0,1,2,45683
47,2019-01-01,0,1,2,46284
48,2016-01-01,1,0,3,5692
49,2017-01-01,1,0,3,5496
50,2018-01-01,1,0,3,5083
51,2019-01-01,1,0,3,4751
52,2016-01-01,1,0,1,9573
53,2017-01-01,1,0,1,9536
54,2018-01-01,1,0,1,9809
55,2019-01-01,1,0,1,9294
56,2016-01-01,1,0,5,18489
57,2017-01-01,1,0,5,18326
58,2018-01-01,1,0,5,18375
59,2019-01-01,1,0,5,18353
60,2016-01-01,1,0,2,38028
61,2017-01-01,1,0,2,38374
62,2018-01-01,1,0,2,38753
63,2019-01-01,1,0,2,39160
64,2016-01-01,1,1,4,11853
65,2017-01-01,1,1,4,11599
66,2018-01-01,1,1,4,10887
67,2019-01-01,1,1,4,11174
68,2016-01-01,1,1,3,1662
69,2017-01-01,1,1,3,1637
70,2018-01-01,1,1,3,1601
71,2019-01-01,1,1,3,1498
72,2016-01-01,1,1,1,1859
73,2017-01-01,1,1,1,1812
74,2018-01-01,1,1,1,1925
75,2019-01-01,1,1,1,1790
76,2016-01-01,1,1,5,4907
77,2017-01-01,1,1,5,5098
78,2018-01-01,1,1,5,5028
79,2019-01-01,1,1,5,4800
80,2016-01-01,1,1,2,13587
81,2017-01-01,1,1,2,13996
82,2018-01-01,1,1,2,14179
83,2019-01-01,1,1,2,14281
84,2016-01-01,2,0,4,171626
85,2017-01-01,2,0,4,175341
86,2018-01-01,2,0,4,181126
87,2019-01-01,2,0,4,187732
88,2016-01-01,2,0,3,55782
89,2017-01-01,2,0,3,56477
90,2018-01-01,2,0,3,58374
91,2019-01-01,2,0,3,59333
92,2016-01-01,2,0,1,233762
93,2017-01-01,2,0,1,240614
94,2018-01-01,2,0,1,252397
95,2019-01-01,2,0,1,252990
96,2016-01-01,2,0,5,227719
97,2017-01-01,2,0,5,236644
98,2018-01-01,2,0,5,248771
99,2019-01-01,2,0,5,253418
100,2016-01-01,2,0,0,77311
101,2017-01-01,2,0,0,79377
102,2018-01-01,2,0,0,79339
103,2019-01-01,2,0,0,84973
104,2016-01-01,2,0,2,392487
105,2017-01-01,2,0,2,406507
106,2018-01-01,2,0,2,421549
107,2019-01-01,2,0,2,438305
108,2016-01-01,2,1,4,3562
109,2017-01-01,2,1,4,3312
110,2018-01-01,2,1,4,3415
111,2019-01-01,2,1,4,3270
112,2016-01-01,2,1,3,988
113,2017-01-01,2,1,3,1004
114,2018-01-01,2,1,3,924
115,2019-01-01,2,1,3,940
116,2016-01-01,2,1,1,2522
117,2017-01-01,2,1,1,2493
118,2018-01-01,2,1,1,2693
119,2019-01-01,2,1,1,2628
120,2016-01-01,2,1,0,2016
121,2017-01-01,2,1,0,2008
122,2018-01-01,2,1,0,1774
123,2019-01-01,2,1,0,1805
124,2016-01-01,2,1,2,11680
125,2017-01-01,2,1,2,11753
126,2018-01-01,2,1,2,11920
127,2019-01-01,2,1,2,12323
128,2016-01-01,3,0,4,86017
129,2017-01-01,3,0,4,87428
130,2018-01-01,3,0,4,88651
131,2019-01-01,3,0,4,89561
132,2016-01-01,3,0,3,12919
133,2017-01-01,3,0,3,12878
134,2018-01-01,3,0,3,11081
135,2019-01-01,3,0,3,10997
136,2016-01-01,3,0,1,43842
137,2017-01-01,3,0,1,44297
138,2018-01-01,3,0,1,46614
139,2019-01-01,3,0,1,46478
140,2016-01-01,3,0,5,53986
141,2017-01-01,3,0,5,55348
142,2018-01-01,3,0,5,57657
143,2019-01-01,3,0,5,58408
144,2016-01-01,3,0,0,16296
145,2017-01-01,3,0,0,16915
146,2018-01-01,3,0,0,17421
147,2019-01-01,3,0,0,18082
148,2016-01-01,3,0,2,127456
149,2017-01-01,3,0,2,131407
150,2018-01-01,3,0,2,134083
151,2019-01-01,3,0,2,136034
152,2016-01-01,3,1,4,74955
153,2017-01-01,3,1,4,76009
154,2018-01-01,3,1,4,77707
155,2019-01-01,3,1,4,78267
156,2016-01-01,3,1,1,16446
157,2017-01-01,3,1,1,16319
158,2018-01-01,3,1,1,16918
159,2019-01-01,3,1,1,15937
160,2016-01-01,3,1,5,11797
161,2017-01-01,3,1,5,11966
162,2018-01-01,3,1,5,12009
163,2019-01-01,3,1,5,11811
164,2016-01-01,4,0,4,1395332
165,2017-01-01,4,0,4,1400567
166,2018-01-01,4,0,4,1406520
167,2019-01-01,4,0,4,1399930
168,2016-01-01,4,0,3,610443
169,2017-01-01,4,0,3,606550
170,2018-01-01,4,0,3,615568
171,2019-01-01,4,0,3,625659
172,2016-01-01,4,0,1,1058448
173,2017-01-01,4,0,1,1051667
174,2018-01-01,4,0,1,1093263
175,2019-01-01,4,0,1,1056585
176,2016-01-01,4,0,5,1953652
177,2017-01-01,4,0,5,1982752
178,2018-01-01,4,0,5,2058479
179,2019-01-01,4,0,5,2078131
180,2016-01-01,4,0,0,522874
181,2017-01-01,4,0,0,535151
182,2018-01-01,4,0,0,543403
183,2019-01-01,4,0,0,571055
184,2016-01-01,4,0,2,2529123
185,2017-01-01,4,0,2,2603617
186,2018-01-01,4,0,2,2666911
187,2019-01-01,4,0,2,2744933
188,2016-01-01,4,1,4,18488
189,2017-01-01,4,1,4,18401
190,2018-01-01,4,1,4,18262
191,2019-01-01,4,1,4,17949
192,2016-01-01,4,1,1,9677
193,2017-01-01,4,1,1,9479
194,2018-01-01,4,1,1,9947
195,2019-01-01,4,1,1,9405
196,2016-01-01,5,0,4,146990
197,2017-01-01,5,0,4,148658
198,2018-01-01,5,0,4,151111
199,2019-01-01,5,0,4,152700
200,2016-01-01,5,0,3,80461
201,2017-01-01,5,0,3,81186
202,2018-01-01,5,0,3,85151
203,2019-01-01,5,0,3,84838
204,2016-01-01,5,0,1,194749
205,2017-01-01,5,0,1,197087
206,2018-01-01,5,0,1,206816
207,2019-01-01,5,0,1,200679
208,2016-01-01,5,0,5,305905
209,2017-01-01,5,0,5,317881
210,2018-01-01,5,0,5,330261
211,2019-01-01,5,0,5,339003
212,2016-01-01,5,0,0,68704
213,2017-01-01,5,0,0,70548
214,2018-01-01,5,0,0,69421
215,2019-01-01,5,0,0,75104
216,2016-01-01,5,0,2,301065
217,2017-01-01,5,0,2,305523
218,2018-01-01,5,0,2,313427
219,2019-01-01,5,0,2,320163
220,2016-01-01,5,1,4,13323
221,2017-01-01,5,1,4,14288
222,2018-01-01,5,1,4,14575
223,2019-01-01,5,1,4,14148
224,2016-01-01,5,1,3,4332
225,2017-01-01,5,1,3,4477
226,2018-01-01,5,1,3,4323
227,2019-01-01,5,1,3,4155
228,2016-01-01,5,1,1,17079
229,2017-01-01,5,1,1,16964
230,2018-01-01,5,1,1,16666
231,2019-01-01,5,1,1,16331
232,2016-01-01,5,1,5,22053
233,2017-01-01,5,1,5,22617
234,2018-01-01,5,1,5,22903
235,2019-01-01,5,1,5,21832
236,2016-01-01,5,1,0,5600
237,2017-01-01,5,1,0,5421
238,2018-01-01,5,1,0,5629
239,2019-01-01,5,1,0,5895
240,2016-01-01,6,0,4,152451
241,2017-01-01,6,0,4,154917
242,2018-01-01,6,0,4,156047
243,2019-01-01,6,0,4,156845
244,2016-01-01,6,0,3,38585
245,2017-01-01,6,0,3,37905
246,2018-01-01,6,0,3,37967
247,2019-01-01,6,0,3,37327
248,2016-01-01,6,0,1,191552
249,2017-01-01,6,0,1,188214
250,2018-01-01,6,0,1,187894
251,2019-01-01,6,0,1,182790
252,2016-01-01,6,0,5,158470
253,2017-01-01,6,0,5,158063
254,2018-01-01,6,0,5,158656
255,2019-01-01,6,0,5,156540
256,2016-01-01,6,0,0,82703
257,2017-01-01,6,0,0,83876
258,2018-01-01,6,0,0,85718
259,2019-01-01,6,0,0,89231
260,2016-01-01,6,0,2,294373
261,2017-01-01,6,0,2,295405
262,2018-01-01,6,0,2,296897
263,2019-01-01,6,0,2,299093
264,2016-01-01,6,1,3,938
265,2017-01-01,6,1,3,918
266,2018-01-01,6,1,3,931
267,2019-01-01,6,1,3,897
268,2016-01-01,6,1,1,4079
269,2017-01-01,6,1,1,3874
270,2018-01-01,6,1,1,3955
271,2019-01-01,6,1,1,3926
272,2016-01-01,6,1,5,5385
273,2017-01-01,6,1,5,5365
274,2018-01-01,6,1,5,5433
275,2019-01-01,6,1,5,5221
276,2016-01-01,6,1,0,3395
277,2017-01-01,6,1,0,3355
278,2018-01-01,6,1,0,3343
279,2019-01-01,6,1,0,3882
280,2016-01-01,6,1,2,11273
281,2017-01-01,6,1,2,11592
282,2018-01-01,6,1,2,11735
283,2019-01-01,6,1,2,11875
284,2016-01-01,7,0,4,27294
285,2017-01-01,7,0,4,27492
286,2018-01-01,7,0,4,28636
287,2019-01-01,7,0,4,28791
288,2016-01-01,7,0,3,6186
289,2017-01-01,7,0,3,6295
290,2018-01-01,7,0,3,5728
291,2019-01-01,7,0,3,5463
292,2016-01-01,7,0,1,59172
293,2017-01-01,7,0,1,60132
294,2018-01-01,7,0,1,62582
295,2019-01-01,7,0,1,61940
296,2016-01-01,7,0,5,36641
297,2017-01-01,7,0,5,37509
298,2018-01-01,7,0,5,38957
299,2019-01-01,7,0,5,38066
300,2016-01-01,7,0,0,9760
301,2017-01-01,7,0,0,9997
302,2018-01-01,7,0,0,9757
303,2019-01-01,7,0,0,9847
304,2016-01-01,7,0,2,74494
305,2017-01-01,7,0,2,75610
306,2018-01-01,7,0,2,77420
307,2019-01-01,7,0,2,79048
308,2016-01-01,8,0,3,19529
309,2017-01-01,8,0,3,20406
310,2018-01-01,8,0,3,21637
311,2019-01-01,8,0,3,22170
312,2016-01-01,8,0,1,26030
313,2017-01-01,8,0,1,25818
314,2018-01-01,8,0,1,27718
315,2019-01-01,8,0,1,27454
316,2016-01-01,8,0,5,138340
317,2017-01-01,8,0,5,142035
318,2018-01-01,8,0,5,144573
319,2019-01-01,8,0,5,146399
320,2016-01-01,8,0,0,61999
321,2017-01-01,8,0,0,61063
322,2018-01-01,8,0,0,60395
323,2019-01-01,8,0,0,59389
324,2016-01-01,8,0,2,73790
325,2017-01-01,8,0,2,74665
326,2018-01-01,8,0,2,76062
327,2019-01-01,8,0,2,76184
328,2016-01-01,9,0,4,384701
329,2017-01-01,9,0,4,394850
330,2018-01-01,9,0,4,404624
331,2019-01-01,9,0,4,415038
332,2016-01-01,9,0,3,173879
333,2017-01-01,9,0,3,178867
334,2018-01-01,9,0,3,181165
335,2019-01-01,9,0,3,178037
336,2016-01-01,9,0,1,672576
337,2017-01-01,9,0,1,700947
338,2018-01-01,9,0,1,754242
339,2019-01-01,9,0,1,743288
340,2016-01-01,9,0,5,797416
341,2017-01-01,9,0,5,845330
342,2018-01-01,9,0,5,892261
343,2019-01-01,9,0,5,915426
344,2016-01-01,9,0,0,221329
345,2017-01-01,9,0,0,231029
346,2018-01-01,9,0,0,236552
347,2019-01-01,9,0,0,247364
348,2016-01-01,9,0,2,1261675
349,2017-01-01,9,0,2,1296850
350,2018-01-01,9,0,2,1319361
351,2019-01-01,9,0,2,1358521
352,2016-01-01,9,1,4,14005
353,2017-01-01,9,1,4,14161
354,2018-01-01,9,1,4,14369
355,2019-01-01,9,1,4,14129
356,2016-01-01,9,1,1,7792
357,2017-01-01,9,1,1,7770
358,2018-01-01,9,1,1,8456
359,2019-01-01,9,1,1,8181
360,2016-01-01,10,0,4,311218
361,2017-01-01,10,0,4,317430
362,2018-01-01,10,0,4,326800
363,2019-01-01,10,0,4,323980
364,2016-01-01,10,0,3,127327
365,2017-01-01,10,0,3,133451
366,2018-01-01,10,0,3,131338
367,2019-01-01,10,0,3,132571
368,2016-01-01,10,0,1,258625
369,2017-01-01,10,0,1,263180
370,2018-01-01,10,0,1,275553
371,2019-01-01,10,0,1,271709
372,2016-01-01,10,0,5,377770
373,2017-01-01,10,0,5,396566
374,2018-01-01,10,0,5,409492
375,2019-01-01,10,0,5,415479
376,2016-01-01,10,0,0,113576
377,2017-01-01,10,0,0,116350
378,2018-01-01,10,0,0,117212
379,2019-01-01,10,0,0,123295
380,2016-01-01,10,0,2,486539
381,2017-01-01,10,0,2,495396
382,2018-01-01,10,0,2,510029
383,2019-01-01,10,0,2,527581
384,2016-01-01,10,1,4,101154
385,2017-01-01,10,1,4,104388
386,2018-01-01,10,1,4,106329
387,2019-01-01,10,1,4,106542
388,2016-01-01,10,1,3,5702
389,2017-01-01,10,1,3,5777
390,2018-01-01,10,1,3,5886
391,2019-01-01,10,1,3,5358
392,2016-01-01,10,1,1,24529
393,2017-01-01,10,1,1,26791
394,2018-01-01,10,1,1,27971
395,2019-01-01,10,1,1,27341
396,2016-01-01,10,1,5,21492
397,2017-01-01,10,1,5,21897
398,2018-01-01,10,1,5,22718
399,2019-01-01,10,1,5,23186
400,2016-01-01,10,1,0,9959
401,2017-01-01,10,1,0,10689
402,2018-01-01,10,1,0,11094
403,2019-01-01,10,1,0,11846
404,2016-01-01,10,1,2,69210
405,2017-01-01,10,1,2,69237
406,2018-01-01,10,1,2,69788
407,2019-01-01,10,1,2,71037
408,2016-01-01,11,0,4,15838
409,2017-01-01,11,0,4,15667
410,2018-01-01,11,0,4,15374
411,2019-01-01,11,0,4,14804
412,2016-01-01,11,0,3,9515
413,2017-01-01,11,0,3,9762
414,2018-01-01,11,0,3,9848
415,2019-01-01,11,0,3,9288
416,2016-01-01,11,0,1,26707
417,2017-01-01,11,0,1,26168
418,2018-01-01,11,0,1,27235
419,2019-01-01,11,0,1,25724
420,2016-01-01,11,0,5,40093
421,2017-01-01,11,0,5,39799
422,2018-01-01,11,0,5,40615
423,2019-01-01,11,0,5,39823
424,2016-01-01,11,0,0,17692
425,2017-01-01,11,0,0,17997
426,2018-01-01,11,0,0,18126
427,2019-01-01,11,0,0,18091
428,2016-01-01,11,0,2,68692
429,2017-01-01,11,0,2,69967
430,2018-01-01,11,0,2,71059
431,2019-01-01,11,0,2,72308
432,2016-01-01,11,1,4,3048
433,2017-01-01,11,1,4,3150
434,2018-01-01,11,1,4,3161
435,2019-01-01,11,1,4,3073
436,2016-01-01,11,1,3,1232
437,2017-01-01,11,1,3,1183
438,2018-01-01,11,1,3,1221
439,2019-01-01,11,1,3,1159
440,2016-01-01,11,1,1,3352
441,2017-01-01,11,1,1,3369
442,2018-01-01,11,1,1,3437
443,2019-01-01,11,1,1,3226
444,2016-01-01,11,1,5,6525
445,2017-01-01,11,1,5,6659
446,2018-01-01,11,1,5,6706
447,2019-01-01,11,1,5,6665
448,2016-01-01,11,1,0,2558
449,2017-01-01,11,1,0,2640
450,2018-01-01,11,1,0,2667
451,2019-01-01,11,1,0,2710
452,2016-01-01,11,1,2,12505
453,2017-01-01,11,1,2,12690
454,2018-01-01,11,1,2,12904
455,2019-01-01,11,1,2,13255
456,2016-01-01,12,0,4,52940
457,2017-01-01,12,0,4,55082
458,2018-01-01,12,0,4,57037
459,2019-01-01,12,0,4,56955
460,2016-01-01,12,0,3,9545
461,2017-01-01,12,0,3,9724
462,2018-01-01,12,0,3,9527
463,2019-01-01,12,0,3,9222
464,2016-01-01,12,0,1,34023
465,2017-01-01,12,0,1,34280
466,2018-01-01,12,0,1,36231
467,2019-01-01,12,0,1,36145
468,2016-01-01,12,0,0,11225
469,2017-01-01,12,0,0,11637
470,2018-01-01,12,0,0,13198
471,2019-01-01,12,0,0,15172
472,2016-01-01,12,0,2,85031
473,2017-01-01,12,0,2,83161
474,2018-01-01,12,0,2,88952
475,2019-01-01,12,0,2,92429
476,2016-01-01,12,1,4,17648
477,2017-01-01,12,1,4,17905
478,2018-01-01,12,1,4,17849
479,2019-01-01,12,1,4,17841
480,2016-01-01,12,1,1,6581
481,2017-01-01,12,1,1,6544
482,2018-01-01,12,1,1,7078
483,2019-01-01,12,1,1,6834
484,2016-01-01,13,0,4,511925
485,2017-01-01,13,0,4,512474
486,2018-01-01,13,0,4,521611
487,2019-01-01,13,0,4,520238
488,2016-01-01,13,0,3,110763
489,2017-01-01,13,0,3,108161
490,2018-01-01,13,0,3,106892
491,2019-01-01,13,0,3,105354
492,2016-01-01,13,0,1,459468
493,2017-01-01,13,0,1,457367
494,2018-01-01,13,0,1,469371
495,2019-01-01,13,0,1,462394
496,2016-01-01,13,0,5,552018
497,2017-01-01,13,0,5,557124
498,2018-01-01,13,0,5,566076
499,2019-01-01,13,0,5,566493
500,2016-01-01,13,0,0,204799
501,2017-01-01,13,0,0,205243
502,2018-01-01,13,0,0,201221
503,2019-01-01,13,0,0,206713
504,2016-01-01,13,0,2,799358
505,2017-01-01,13,0,2,800155
506,2018-01-01,13,0,2,805826
507,2019-01-01,13,0,2,813045
508,2016-01-01,13,1,4,84699
509,2017-01-01,13,1,4,84480
510,2018-01-01,13,1,4,79694
511,2019-01-01,13,1,4,77854
512,2016-01-01,13,1,3,7906
513,2017-01-01,13,1,3,7634
514,2018-01-01,13,1,3,6794
515,2019-01-01,13,1,3,6668
516,2016-01-01,13,1,1,34489
517,2017-01-01,13,1,1,33578
518,2018-01-01,13,1,1,33976
519,2019-01-01,13,1,1,32090
520,2016-01-01,13,1,5,21158
521,2017-01-01,13,1,5,21345
522,2018-01-01,13,1,5,21645
523,2019-01-01,13,1,5,21051
524,2016-01-01,13,1,0,7975
525,2017-01-01,13,1,0,7795
526,2018-01-01,13,1,0,7774
527,2019-01-01,13,1,0,8148
528,2016-01-01,13,1,2,80307
529,2017-01-01,13,1,2,79866
530,2018-01-01,13,1,2,80096
531,2019-01-01,13,1,2,79556
532,2016-01-01,14,0,4,365387
533,2017-01-01,14,0,4,372990
534,2018-01-01,14,0,4,377905
535,2019-01-01,14,0,4,378924
536,2016-01-01,14,0,3,35720
537,2017-01-01,14,0,3,34701
538,2018-01-01,14,0,3,32785
539,2019-01-01,14,0,3,31606
540,2016-01-01,14,0,1,130652
541,2017-01-01,14,0,1,131283
542,2018-01-01,14,0,1,136150
543,2019-01-01,14,0,1,133552
544,2016-01-01,14,0,5,150013
545,2017-01-01,14,0,5,159702
546,2018-01-01,14,0,5,165920
547,2019-01-01,14,0,5,167236
548,2016-01-01,14,0,0,71484
549,2017-01-01,14,0,0,72965
550,2018-01-01,14,0,0,74620
551,2019-01-01,14,0,0,75602
552,2016-01-01,14,0,2,368191
553,2017-01-01,14,0,2,378008
554,2018-01-01,14,0,2,383337
555,2019-01-01,14,0,2,391886
556,2016-01-01,14,1,4,170697
557,2017-01-01,14,1,4,172433
558,2018-01-01,14,1,4,176414
559,2019-01-01,14,1,4,176831
560,2016-01-01,14,1,3,5430
561,2017-01-01,14,1,3,5282
562,2018-01-01,14,1,3,5173
563,2019-01-01,14,1,3,4944
564,2016-01-01,14,1,1,20641
565,2017-01-01,14,1,1,20501
566,2018-01-01,14,1,1,21007
567,2019-01-01,14,1,1,20410
568,2016-01-01,14,1,0,14165
569,2017-01-01,14,1,0,14572
570,2018-01-01,14,1,0,14763
571,2019-01-01,14,1,0,14529
572,2016-01-01,14,1,2,66281
573,2017-01-01,14,1,2,66035
574,2018-01-01,14,1,2,66772
575,2019-01-01,14,1,2,66685
576,2016-01-01,15,0,4,103401
577,2017-01-01,15,0,4,104813
578,2018-01-01,15,0,4,108412
579,2019-01-01,15,0,4,110078
580,2016-01-01,15,0,3,19261
581,2017-01-01,15,0,3,18966
582,2018-01-01,15,0,3,19242
583,2019-01-01,15,0,3,18432
584,2016-01-01,15,0,1,101377
585,2017-01-01,15,0,1,103094
586,2018-01-01,15,0,1,104121
587,2019-01-01,15,0,1,102433
588,2016-01-01,15,0,5,59838
589,2017-01-01,15,0,5,61323
590,2018-01-01,15,0,5,63125
591,2019-01-01,15,0,5,61536
592,2016-01-01,15,0,0,33611
593,2017-01-01,15,0,0,32684
594,2018-01-01,15,0,0,30828
595,2019-01-01,15,0,0,31182
596,2016-01-01,15,0,2,140606
597,2017-01-01,15,0,2,141848
598,2018-01-01,15,0,2,142458
599,2019-01-01,15,0,2,143404
600,2016-01-01,15,1,4,117836
601,2017-01-01,15,1,4,118485
602,2018-01-01,15,1,4,121334
603,2019-01-01,15,1,4,122821
604,2016-01-01,15,1,3,7806
605,2017-01-01,15,1,3,7682
606,2018-01-01,15,1,3,7361
607,2019-01-01,15,1,3,7098
608,2016-01-01,15,1,1,29236
609,2017-01-01,15,1,1,29382
610,2018-01-01,15,1,1,30095
611,2019-01-01,15,1,1,28285
612,2016-01-01,15,1,0,15718
613,2017-01-01,15,1,0,15262
614,2018-01-01,15,1,0,14613
615,2019-01-01,15,1,0,14410
616,2016-01-01,15,1,2,78403
617,2017-01-01,15,1,2,77237
618,2018-01-01,15,1,2,76363
619,2019-01-01,15,1,2,75401
620,2016-01-01,16,0,4,101927
621,2017-01-01,16,0,4,101643
622,2018-01-01,16,0,4,103597
623,2019-01-01,16,0,4,105726
624,2016-01-01,16,0,3,19191
625,2017-01-01,16,0,3,18503
626,2018-01-01,16,0,3,17874
627,2019-01-01,16,0,3,17119
628,2016-01-01,16,0,1,79388
629,2017-01-01,16,0,1,78602
630,2018-01-01,16,0,1,79831
631,2019-01-01,16,0,1,77949
632,2016-01-01,16,0,5,90987
633,2017-01-01,16,0,5,92369
634,2018-01-01,16,0,5,93647
635,2019-01-01,16,0,5,92716
636,2016-01-01,16,0,0,21796
637,2017-01-01,16,0,0,22107
638,2018-01-01,16,0,0,22111
639,2019-01-01,16,0,0,23002
640,2016-01-01,16,0,2,137994
641,2017-01-01,16,0,2,144758
642,2018-01-01,16,0,2,147344
643,2019-01-01,16,0,2,151007
644,2016-01-01,16,1,4,65796
645,2017-01-01,16,1,4,66795
646,2018-01-01,16,1,4,68181
647,2019-01-01,16,1,4,67879
648,2016-01-01,16,1,3,5807
649,2017-01-01,16,1,3,5501
650,2018-01-01,16,1,3,5291
651,2019-01-01,16,1,3,4959
652,2016-01-01,16,1,0,6200
653,2017-01-01,16,1,0,6352
654,2018-01-01,16,1,0,6449
655,2019-01-01,16,1,0,6584
656,2016-01-01,17,0,4,162680
657,2017-01-01,17,0,4,164826
658,2018-01-01,17,0,4,165251
659,2019-01-01,17,0,4,165938
660,2016-01-01,17,0,3,19626
661,2017-01-01,17,0,3,20015
662,2018-01-01,17,0,3,19863
663,2019-01-01,17,0,3,19137
664,2016-01-01,17,0,1,84132
665,2017-01-01,17,0,1,84164
666,2018-01-01,17,0,1,85317
667,2019-01-01,17,0,1,83014
668,2016-01-01,17,0,5,86877
669,2017-01-01,17,0,5,87787
670,2018-01-01,17,0,5,91388
671,2019-01-01,17,0,5,90605
672,2016-01-01,17,0,0,28578
673,2017-01-01,17,0,0,28300
674,2018-01-01,17,0,0,27338
675,2019-01-01,17,0,0,28118
676,2016-01-01,17,0,2,172156
677,2017-01-01,17,0,2,175576
678,2018-01-01,17,0,2,178489
679,2019-01-01,17,0,2,181690
680,2016-01-01,17,1,4,93429
681,2017-01-01,17,1,4,93936
682,2018-01-01,17,1,4,94342
683,2019-01-01,17,1,4,94666
684,2016-01-01,17,1,3,8258
685,2017-01-01,17,1,3,8189
686,2018-01-01,17,1,3,7710
687,2019-01-01,17,1,3,7678
688,2016-01-01,17,1,1,24214
689,2017-01-01,17,1,1,23867
690,2018-01-01,17,1,1,24900
691,2019-01-01,17,1,1,23690
692,2016-01-01,17,1,5,26543
693,2017-01-01,17,1,5,26285
694,2018-01-01,17,1,5,26218
695,2019-01-01,17,1,5,26300
696,2016-01-01,17,1,0,12027
697,2017-01-01,17,1,0,12076
698,2018-01-01,17,1,0,12249
699,2019-01-01,17,1,0,13255
700,2016-01-01,17,1,2,93762
701,2017-01-01,17,1,2,94834
702,2018-01-01,17,1,2,97182
703,2019-01-01,17,1,2,99177
704,2016-01-01,18,0,4,123958
705,2017-01-01,18,0,4,123271
706,2018-01-01,18,0,4,124617
707,2019-01-01,18,0,4,126783
708,2016-01-01,18,0,3,27912
709,2017-01-01,18,0,3,27829
710,2018-01-01,18,0,3,26833
711,2019-01-01,18,0,3,26534
712,2016-01-01,18,0,1,96726
713,2017-01-01,18,0,1,95327
714,2018-01-01,18,0,1,99495
715,2019-01-01,18,0,1,94701
716,2016-01-01,18,0,5,128201
717,2017-01-01,18,0,5,132004
718,2018-01-01,18,0,5,135029
719,2019-01-01,18,0,5,135598
720,2016-01-01,18,0,0,52418
721,2017-01-01,18,0,0,51722
722,2018-01-01,18,0,0,52911
723,2019-01-01,18,0,0,55692
724,2016-01-01,18,0,2,271544
725,2017-01-01,18,0,2,268596
726,2018-01-01,18,0,2,277238
727,2019-01-01,18,0,2,282238
728,2016-01-01,18,1,4,20680
729,2017-01-01,18,1,4,19527
730,2018-01-01,18,1,4,20337
731,2019-01-01,18,1,4,21111
732,2016-01-01,18,1,1,11836
733,2017-01-01,18,1,1,10833
734,2018-01-01,18,1,1,11825
735,2019-01-01,18,1,1,11416
736,2016-01-01,19,0,3,6858
737,2017-01-01,19,0,3,6664
738,2018-01-01,19,0,3,6858
739,2019-01-01,19,0,3,6514
740,2016-01-01,19,0,1,25171
741,2017-01-01,19,0,1,25231
742,2018-01-01,19,0,1,26049
743,2019-01-01,19,0,1,26151
744,2016-01-01,19,0,5,31763
745,2017-01-01,19,0,5,32687
746,2018-01-01,19,0,5,34548
747,2019-01-01,19,0,5,34951
748,2016-01-01,19,0,0,14447
749,2017-01-01,19,0,0,15134
750,2018-01-01,19,0,0,15392
751,2019-01-01,19,0,0,16015
752,2016-01-01,19,0,2,76298
753,2017-01-01,19,0,2,77463
754,2018-01-01,19,0,2,77547
755,2019-01-01,19,0,2,79082
756,2016-01-01,19,1,4,20596
757,2017-01-01,19,1,4,20131
758,2018-01-01,19,1,4,20269
759,2019-01-01,19,1,4,20027
760,2016-01-01,19,1,3,3212
761,2017-01-01,19,1,3,3158
762,2018-01-01,19,1,3,3047
763,2019-01-01,19,1,3,2816
764,2016-01-01,19,1,1,7774
765,2017-01-01,19,1,1,7810
766,2018-01-01,19,1,1,7856
767,2019-01-01,19,1,1,7666
768,2016-01-01,19,1,5,12945
769,2017-01-01,19,1,5,12990
770,2018-01-01,19,1,5,13318
771,2019-01-01,19,1,5,13078
772,2016-01-01,19,1,0,6572
773,2017-01-01,19,1,0,6803
774,2018-01-01,19,1,0,6841
775,2019-01-01,19,1,0,7455
776,2016-01-01,19,1,2,39927
777,2017-01-01,19,1,2,40275
778,2018-01-01,19,1,2,40128
779,2019-01-01,19,1,2,40129
780,2016-01-01,20,0,4,102242
781,2017-01-01,20,0,4,104820
782,2018-01-01,20,0,4,107143
783,2019-01-01,20,0,4,114859
784,2016-01-01,20,0,3,49405
785,2017-01-01,20,0,3,50249
786,2018-01-01,20,0,3,48327
787,2019-01-01,20,0,3,45162
788,2016-01-01,20,0,1,156901
789,2017-01-01,20,0,1,154457
790,2018-01-01,20,0,1,159737
791,2019-01-01,20,0,1,151821
792,2016-01-01,20,0,5,351902
793,2017-01-01,20,0,5,354863
794,2018-01-01,20,0,5,345579
795,2019-01-01,20,0,5,348786
796,2016-01-01,20,0,0,101637
797,2017-01-01,20,0,0,100893
798,2018-01-01,20,0,0,103906
799,2019-01-01,20,0,0,107703
800,2016-01-01,20,0,2,425036
801,2017-01-01,20,0,2,415713
802,2018-01-01,20,0,2,423027
803,2019-01-01,20,0,2,428449
804,2016-01-01,21,0,3,104226
805,2017-01-01,21,0,3,106761
806,2018-01-01,21,0,3,106347
807,2019-01-01,21,0,3,105969
808,2016-01-01,21,0,1,282036
809,2017-01-01,21,0,1,280467
810,2018-01-01,21,0,1,286095
811,2019-01-01,21,0,1,282056
812,2016-01-01,21,0,5,461076
813,2017-01-01,21,0,5,471118
814,2018-01-01,21,0,5,485720
815,2019-01-01,21,0,5,496312
816,2016-01-01,21,0,0,242322
817,2017-01-01,21,0,0,245291
818,2018-01-01,21,0,0,252128
819,2019-01-01,21,0,0,258858
820,2016-01-01,21,0,2,689485
821,2017-01-01,21,0,2,697264
822,2018-01-01,21,0,2,698655
823,2019-01-01,21,0,2,709730
824,2016-01-01,21,1,3,371
825,2017-01-01,21,1,3,369
826,2018-01-01,21,1,3,368
827,2019-01-01,21,1,3,339
828,2016-01-01,21,1,1,804
829,2017-01-01,21,1,1,757
830,2018-01-01,21,1,1,804
831,2019-01-01,21,1,1,790
832,2016-01-01,21,1,5,1554
833,2017-01-01,21,1,5,1506
834,2018-01-01,21,1,5,1501
835,2019-01-01,21,1,5,1409
836,2016-01-01,21,1,0,330
837,2017-01-01,21,1,0,333
838,2018-01-01,21,1,0,343
839,2019-01-01,21,1,0,310
840,2016-01-01,21,1,2,1863
841,2017-01-01,21,1,2,1870
842,2018-01-01,21,1,2,1870
843,2019-01-01,21,1,2,1896
844,2016-01-01,22,0,4,526931
845,2017-01-01,22,0,4,540355
846,2018-01-01,22,0,4,549183
847,2019-01-01,22,0,4,546185
848,2016-01-01,22,0,3,65773
849,2017-01-01,22,0,3,63792
850,2018-01-01,22,0,3,63334
851,2019-01-01,22,0,3,61382
852,2016-01-01,22,0,1,217429
853,2017-01-01,22,0,1,219605
854,2018-01-01,22,0,1,225264
855,2019-01-01,22,0,1,225191
856,2016-01-01,22,0,5,379182
857,2017-01-01,22,0,5,378312
858,2018-01-01,22,0,5,385407
859,2019-01-01,22,0,5,386397
860,2016-01-01,22,0,0,97601
861,2017-01-01,22,0,0,96334
862,2018-01-01,22,0,0,89586
863,2019-01-01,22,0,0,94308
864,2016-01-01,22,0,2,590683
865,2017-01-01,22,0,2,596821
866,2018-01-01,22,0,2,581239
867,2019-01-01,22,0,2,604710
868,2016-01-01,22,1,4,100551
869,2017-01-01,22,1,4,102577
870,2018-01-01,22,1,4,106051
871,2019-01-01,22,1,4,105777
872,2016-01-01,22,1,3,7716
873,2017-01-01,22,1,3,7637
874,2018-01-01,22,1,3,7603
875,2019-01-01,22,1,3,7338
876,2016-01-01,22,1,1,29645
877,2017-01-01,22,1,1,29441
878,2018-01-01,22,1,1,30070
879,2019-01-01,22,1,1,29171
880,2016-01-01,23,0,4,243374
881,2017-01-01,23,0,4,243204
882,2018-01-01,23,0,4,245472
883,2019-01-01,23,0,4,247329
884,2016-01-01,23,0,3,51581
885,2017-01-01,23,0,3,51962
886,2018-01-01,23,0,3,50893
887,2019-01-01,23,0,3,47972
888,2016-01-01,23,0,1,183573
889,2017-01-01,23,0,1,185337
890,2018-01-01,23,0,1,190577
891,2019-01-01,23,0,1,191030
892,2016-01-01,23,0,5,215702
893,2017-01-01,23,0,5,218527
894,2018-01-01,23,0,5,224031
895,2019-01-01,23,0,5,220130
896,2016-01-01,23,0,0,80913
897,2017-01-01,23,0,0,82030
898,2018-01-01,23,0,0,80308
899,2019-01-01,23,0,0,80237
900,2016-01-01,23,0,2,406304
901,2017-01-01,23,0,2,415230
902,2018-01-01,23,0,2,424588
903,2019-01-01,23,0,2,428382
904,2016-01-01,23,1,4,91313
905,2017-01-01,23,1,4,92415
906,2018-01-01,23,1,4,92664
907,2019-01-01,23,1,4,91557
908,2016-01-01,23,1,3,7515
909,2017-01-01,23,1,3,7379
910,2018-01-01,23,1,3,7036
911,2019-01-01,23,1,3,6857
912,2016-01-01,23,1,1,30836
913,2017-01-01,23,1,1,30169
914,2018-01-01,23,1,1,30457
915,2019-01-01,23,1,1,27218
916,2016-01-01,23,1,5,20578
917,2017-01-01,23,1,5,20602
918,2018-01-01,23,1,5,20585
919,2019-01-01,23,1,5,20187
920,2016-01-01,24,0,4,49857
921,2017-01-01,24,0,4,54180
922,2018-01-01,24,0,4,50660
923,2019-01-01,24,0,4,54368
924,2016-01-01,24,0,3,8386
925,2017-01-01,24,0,3,8106
926,2018-01-01,24,0,3,7685
927,2019-01-01,24,0,3,7656
928,2016-01-01,24,0,1,32903
929,2017-01-01,24,0,1,32985
930,2018-01-01,24,0,1,34606
931,2019-01-01,24,0,1,33236
932,2016-01-01,24,0,5,34355
933,2017-01-01,24,0,5,35028
934,2018-01-01,24,0,5,35821
935,2019-01-01,24,0,5,36042
936,2016-01-01,24,1,4,94387
937,2017-01-01,24,1,4,95905
938,2018-01-01,24,1,4,95018
939,2019-01-01,24,1,4,98364
940,2016-01-01,24,1,3,6370
941,2017-01-01,24,1,3,6299
942,2018-01-01,24,1,3,6120
943,2019-01-01,24,1,3,5755
944,2016-01-01,24,1,1,22581
945,2017-01-01,24,1,1,23802
946,2018-01-01,24,1,1,23382
947,2019-01-01,24,1,1,22518
948,2016-01-01,24,1,5,22047
949,2017-01-01,24,1,5,22386
950,2018-01-01,24,1,5,22894
951,2019-01-01,24,1,5,22727
952,2016-01-01,25,0,4,203273
953,2017-01-01,25,0,4,205259
954,2018-01-01,25,0,4,209734
955,2019-01-01,25,0,4,212831
956,2016-01-01,25,0,3,51587
957,2017-01-01,25,0,3,50986
958,2018-01-01,25,0,3,50665
959,2019-01-01,25,0,3,48997
960,2016-01-01,25,0,1,166677
961,2017-01-01,25,0,1,168579
962,2018-01-01,25,0,1,173951
963,2019-01-01,25,0,1,170473
964,2016-01-01,25,0,5,196013
965,2017-01-01,25,0,5,204169
966,2018-01-01,25,0,5,208920
967,2019-01-01,25,0,5,206900
968,2016-01-01,25,0,0,75280
969,2017-01-01,25,0,0,77612
970,2018-01-01,25,0,0,79923
971,2019-01-01,25,0,0,84130
972,2016-01-01,25,0,2,363166
973,2017-01-01,25,0,2,371185
974,2018-01-01,25,0,2,375293
975,2019-01-01,25,0,2,382674
976,2016-01-01,25,1,4,74559
977,2017-01-01,25,1,4,75099
978,2018-01-01,25,1,4,77233
979,2019-01-01,25,1,4,77027
980,2016-01-01,25,1,3,6411
981,2017-01-01,25,1,3,6419
982,2018-01-01,25,1,3,6136
983,2019-01-01,25,1,3,5777
984,2016-01-01,25,1,1,26276
985,2017-01-01,25,1,1,24698
986,2018-01-01,25,1,1,26939
987,2019-01-01,25,1,1,25906
988,2016-01-01,25,1,5,20698
989,2017-01-01,25,1,5,20984
990,2018-01-01,25,1,5,21170
991,2019-01-01,25,1,5,20542
992,2016-01-01,25,1,0,7172
993,2017-01-01,25,1,0,7396
994,2018-01-01,25,1,0,7606
995,2019-01-01,25,1,0,8581
996,2016-01-01,25,1,2,78051
997,2017-01-01,25,1,2,79132
998,2018-01-01,25,1,2,79385
999,2019-01-01,25,1,2,79441
1000,2016-01-01,26,0,4,8421
1001,2017-01-01,26,0,4,8613
1002,2018-01-01,26,0,4,8605
1003,2019-01-01,26,0,4,8718
1004,2016-01-01,26,0,3,3484
1005,2017-01-01,26,0,3,3553
1006,2018-01-01,26,0,3,3527
1007,2019-01-01,26,0,3,3356
1008,2016-01-01,26,0,1,10650
1009,2017-01-01,26,0,1,10685
1010,2018-01-01,26,0,1,11215
1011,2019-01-01,26,0,1,11716
1012,2016-01-01,26,0,5,15009
1013,2017-01-01,26,0,5,14984
1014,2018-01-01,26,0,5,15475
1015,2019-01-01,26,0,5,15431
1016,2016-01-01,26,0,0,3531
1017,2017-01-01,26,0,0,3483
1018,2018-01-01,26,0,0,3682
1019,2019-01-01,26,0,0,3780
1020,2016-01-01,26,0,2,33837
1021,2017-01-01,26,0,2,34576
1022,2018-01-01,26,0,2,34335
1023,2019-01-01,26,0,2,34980
1024,2016-01-01,26,1,4,15842
1025,2017-01-01,26,1,4,16027
1026,2018-01-01,26,1,4,15844
1027,2019-01-01,26,1,4,15802
1028,2016-01-01,26,1,3,4801
1029,2017-01-01,26,1,3,4930
1030,2018-01-01,26,1,3,4889
1031,2019-01-01,26,1,3,4732
1032,2016-01-01,26,1,1,14831
1033,2017-01-01,26,1,1,14643
1034,2018-01-01,26,1,1,15449
1035,2019-01-01,26,1,1,15137
1036,2016-01-01,26,1,5,22565
1037,2017-01-01,26,1,5,21782
1038,2018-01-01,26,1,5,23016
1039,2019-01-01,26,1,5,24508
1040,2016-01-01,26,1,0,5409
1041,2017-01-01,26,1,0,5529
1042,2018-01-01,26,1,0,5119
1043,2019-01-01,26,1,0,5139
1044,2016-01-01,27,0,4,55406
1045,2017-01-01,27,0,4,56005
1046,2018-01-01,27,0,4,56899
1047,2019-01-01,27,0,4,56211
1048,2016-01-01,27,0,3,16857
1049,2017-01-01,27,0,3,16795
1050,2018-01-01,27,0,3,16494
1051,2019-01-01,27,0,3,15970
1052,2016-01-01,27,0,1,64550
1053,2017-01-01,27,0,1,65026
1054,2018-01-01,27,0,1,66138
1055,2019-01-01,27,0,1,65705
1056,2016-01-01,27,0,5,50614
1057,2017-01-01,27,0,5,52015
1058,2018-01-01,27,0,5,53607
1059,2019-01-01,27,0,5,53950
1060,2016-01-01,27,0,0,18451
1061,2017-01-01,27,0,0,18951
1062,2018-01-01,27,0,0,18743
1063,2019-01-01,27,0,0,19148
1064,2016-01-01,27,0,2,98782
1065,2017-01-01,27,0,2,99617
1066,2018-01-01,27,0,2,99593
1067,2019-01-01,27,0,2,100256
1068,2016-01-01,27,1,4,40629
1069,2017-01-01,27,1,4,41192
1070,2018-01-01,27,1,4,41951
1071,2019-01-01,27,1,4,43125
1072,2016-01-01,28,0,4,43772
1073,2017-01-01,28,0,4,48222
1074,2018-01-01,28,0,4,55612
1075,2019-01-01,28,0,4,59221
1076,2016-01-01,28,0,1,84456
1077,2017-01-01,28,0,1,81394
1078,2018-01-01,28,0,1,87195
1079,2019-01-01,28,0,1,81415
1080,2016-01-01,28,0,5,88023
1081,2017-01-01,28,0,5,91754
1082,2018-01-01,28,0,5,96990
1083,2019-01-01,28,0,5,99390
1084,2016-01-01,28,0,0,15825
1085,2017-01-01,28,0,0,16746
1086,2018-01-01,28,0,0,17813
1087,2019-01-01,28,0,0,20279
1088,2016-01-01,28,0,2,128475
1089,2017-01-01,28,0,2,134301
1090,2018-01-01,28,0,2,141275
1091,2019-01-01,28,0,2,147407
1092,2016-01-01,28,1,4,5874
1093,2017-01-01,28,1,4,5786
1094,2018-01-01,28,1,4,5986
1095,2019-01-01,28,1,4,6160
1096,2016-01-01,28,1,3,1027
1097,2017-01-01,28,1,3,973
1098,2018-01-01,28,1,3,991
1099,2019-01-01,28,1,3,911
1100,2016-01-01,28,1,1,3763
1101,2017-01-01,28,1,1,3517
1102,2018-01-01,28,1,1,3740
1103,2019-01-01,28,1,1,3423
1104,2016-01-01,28,1,5,6326
1105,2017-01-01,28,1,5,6381
1106,2018-01-01,28,1,5,6205
1107,2019-01-01,28,1,5,6341
1108,2016-01-01,29,0,3,11732
1109,2017-01-01,29,0,3,11884
1110,2018-01-01,29,0,3,11704
1111,2019-01-01,29,0,3,11441
1112,2016-01-01,29,0,1,31928
1113,2017-01-01,29,0,1,29022
1114,2018-01-01,29,0,1,29095
1115,2019-01-01,29,0,1,28915
1116,2016-01-01,29,0,5,42731
1117,2017-01-01,29,0,5,46427
1118,2018-01-01,29,0,5,47090
1119,2019-01-01,29,0,5,47083
1120,2016-01-01,29,0,0,16090
1121,2017-01-01,29,0,0,16913
1122,2018-01-01,29,0,0,17350
1123,2019-01-01,29,0,0,17859
1124,2016-01-01,29,0,2,58893
1125,2017-01-01,29,0,2,60069
1126,2018-01-01,29,0,2,61524
1127,2019-01-01,29,0,2,62537
1128,2016-01-01,29,1,4,24928
1129,2017-01-01,29,1,4,24162
1130,2018-01-01,29,1,4,23284
1131,2019-01-01,29,1,4,25132
1132,2016-01-01,29,1,3,3500
1133,2017-01-01,29,1,3,3552
1134,2018-01-01,29,1,3,3498
1135,2019-01-01,29,1,3,3268
1136,2016-01-01,29,1,1,13329
1137,2017-01-01,29,1,1,13413
1138,2018-01-01,29,1,1,13479
1139,2019-01-01,29,1,1,12759
1140,2016-01-01,29,1,5,16892
1141,2017-01-01,29,1,5,17281
1142,2018-01-01,29,1,5,17479
1143,2019-01-01,29,1,5,17591
1144,2016-01-01,29,1,0,14644
1145,2017-01-01,29,1,0,14796
1146,2018-01-01,29,1,0,15175
1147,2019-01-01,29,1,0,15201
1148,2016-01-01,29,1,2,41865
1149,2017-01-01,29,1,2,41841
1150,2018-01-01,29,1,2,41844
1151,2019-01-01,29,1,2,42257
1152,2016-01-01,30,0,4,259335
1153,2017-01-01,30,0,4,261116
1154,2018-01-01,30,0,4,263463
1155,2019-01-01,30,0,4,266645
1156,2016-01-01,30,0,3,91738
1157,2017-01-01,30,0,3,89816
1158,2018-01-01,30,0,3,88723
1159,2019-01-01,30,0,3,85039
1160,2016-01-01,30,0,1,340074
1161,2017-01-01,30,0,1,340482
1162,2018-01-01,30,0,1,352557
1163,2019-01-01,30,0,1,344742
1164,2016-01-01,30,0,5,461504
1165,2017-01-01,30,0,5,459361
1166,2018-01-01,30,0,5,467757
1167,2019-01-01,30,0,5,466254
1168,2016-01-01,30,0,0,137892
1169,2017-01-01,30,0,0,136814
1170,2018-01-01,30,0,0,137826
1171,2019-01-01,30,0,0,140595
1172,2016-01-01,30,0,2,641923
1173,2017-01-01,30,0,2,651852
1174,2018-01-01,30,0,2,664638
1175,2019-01-01,30,0,2,678220
1176,2016-01-01,31,0,4,24408
1177,2017-01-01,31,0,4,24013
1178,2018-01-01,31,0,4,22929
1179,2019-01-01,31,0,4,23633
1180,2016-01-01,31,0,3,12985
1181,2017-01-01,31,0,3,12528
1182,2018-01-01,31,0,3,12122
1183,2019-01-01,31,0,3,11266
1184,2016-01-01,31,0,1,27735
1185,2017-01-01,31,0,1,27863
1186,2018-01-01,31,0,1,27812
1187,2019-01-01,31,0,1,28272
1188,2016-01-01,31,0,5,57640
1189,2017-01-01,31,0,5,59071
1190,2018-01-01,31,0,5,58509
1191,2019-01-01,31,0,5,61384
1192,2016-01-01,31,0,0,13789
1193,2017-01-01,31,0,0,13390
1194,2018-01-01,31,0,0,13222
1195,2019-01-01,31,0,0,13645
1196,2016-01-01,31,0,2,97693
1197,2017-01-01,31,0,2,97610
1198,2018-01-01,31,0,2,98487
1199,2019-01-01,31,0,2,99635
1200,2016-01-01,31,1,4,8778
1201,2017-01-01,31,1,4,8549
1202,2018-01-01,31,1,4,8434
1203,2019-01-01,31,1,4,8261
1204,2016-01-01,31,1,3,2546
1205,2017-01-01,31,1,3,2501
1206,2018-01-01,31,1,3,2518
1207,2019-01-01,31,1,3,2232
1208,2016-01-01,31,1,1,7950
1209,2017-01-01,31,1,1,7602
1210,2018-01-01,31,1,1,7666
1211,2019-01-01,31,1,1,7388
1212,2016-01-01,32,0,4,420957
1213,2017-01-01,32,0,4,415119
1214,2018-01-01,32,0,4,393628
1215,2019-01-01,32,0,4,388498
1216,2016-01-01,32,0,3,305503
1217,2017-01-01,32,0,3,308500
1218,2018-01-01,32,0,3,314651
1219,2019-01-01,32,0,3,313065
1220,2016-01-01,32,0,1,893051
1221,2017-01-01,32,0,1,887403
1222,2018-01-01,32,0,1,912668
1223,2019-01-01,32,0,1,915216
1224,2016-01-01,32,0,5,963301
1225,2017-01-01,32,0,5,980936
1226,2018-01-01,32,0,5,992308
1227,2019-01-01,32,0,5,998730
1228,2016-01-01,32,0,0,477901
1229,2017-01-01,32,0,0,477779
1230,2018-01-01,32,0,0,475328
1231,2019-01-01,32,0,0,481467
1232,2016-01-01,32,0,2,1597231
1233,2017-01-01,32,0,2,1628757
1234,2018-01-01,32,0,2,1685759
1235,2019-01-01,32,0,2,1750481
1236,2016-01-01,32,1,4,63095
1237,2017-01-01,32,1,4,62529
1238,2018-01-01,32,1,4,63077
1239,2019-01-01,32,1,4,62673
1240,2016-01-01,32,1,3,6457
1241,2017-01-01,32,1,3,6332
1242,2018-01-01,32,1,3,6090
1243,2019-01-01,32,1,3,5764
1244,2016-01-01,32,1,1,19925
1245,2017-01-01,32,1,1,19511
1246,2018-01-01,32,1,1,19837
1247,2019-01-01,32,1,1,19500
1248,2016-01-01,32,1,5,24533
1249,2017-01-01,32,1,5,24578
1250,2018-01-01,32,1,5,23930
1251,2019-01-01,32,1,5,24870
1252,2016-01-01,32,1,0,13820
1253,2017-01-01,32,1,0,13862
1254,2018-01-01,32,1,0,13512
1255,2019-01-01,32,1,0,13681
1256,2016-01-01,32,1,2,86622
1257,2017-01-01,32,1,2,87357
1258,2018-01-01,32,1,2,87839
1259,2019-01-01,32,1,2,87277
1260,2016-01-01,33,0,4,381142
1261,2017-01-01,33,0,4,381979
1262,2018-01-01,33,0,4,386061
1263,2019-01-01,33,0,4,387197
1264,2016-01-01,33,0,3,86389
1265,2017-01-01,33,0,3,87563
1266,2018-01-01,33,0,3,89118
1267,2019-01-01,33,0,3,84080
1268,2016-01-01,33,0,1,233744
1269,2017-01-01,33,0,1,238960
1270,2018-01-01,33,0,1,253260
1271,2019-01-01,33,0,1,259632
1272,2016-01-01,33,0,5,321971
1273,2017-01-01,33,0,5,337620
1274,2018-01-01,33,0,5,357885
1275,2019-01-01,33,0,5,366951
1276,2016-01-01,33,0,0,128431
1277,2017-01-01,33,0,0,129317
1278,2018-01-01,33,0,0,129392
1279,2019-01-01,33,0,0,134435
1280,2016-01-01,33,0,2,459320
1281,2017-01-01,33,0,2,471590
1282,2018-01-01,33,0,2,483267
1283,2019-01-01,33,0,2,494993
1284,2016-01-01,33,1,4,105198
1285,2017-01-01,33,1,4,106142
1286,2018-01-01,33,1,4,108546
1287,2019-01-01,33,1,4,109117
1288,2016-01-01,33,1,3,7900
1289,2017-01-01,33,1,3,7689
1290,2018-01-01,33,1,3,7441
1291,2019-01-01,33,1,3,7239
1292,2016-01-01,33,1,1,26500
1293,2017-01-01,33,1,1,25964
1294,2018-01-01,33,1,1,26981
1295,2019-01-01,33,1,1,25831
1296,2016-01-01,33,1,5,29081
1297,2017-01-01,33,1,5,28973
1298,2018-01-01,33,1,5,30304
1299,2019-01-01,33,1,5,31343
1300,2016-01-01,33,1,0,12335
1301,2017-01-01,33,1,0,12599
1302,2018-01-01,33,1,0,12441
1303,2019-01-01,33,1,0,13075
1304,2016-01-01,33,1,2,100643
1305,2017-01-01,33,1,2,99936
1306,2018-01-01,33,1,2,100823
1307,2019-01-01,33,1,2,101425
1308,2016-01-01,34,0,4,13439
1309,2017-01-01,34,0,4,13758
1310,2018-01-01,34,0,4,14336
1311,2019-01-01,34,0,4,14563
1312,2016-01-01,34,0,3,4873
1313,2017-01-01,34,0,3,4811
1314,2018-01-01,34,0,3,4596
1315,2019-01-01,34,0,3,4341
1316,2016-01-01,34,0,1,17373
1317,2017-01-01,34,0,1,17284
1318,2018-01-01,34,0,1,17695
1319,2019-01-01,34,0,1,17624
1320,2016-01-01,34,0,5,15679
1321,2017-01-01,34,0,5,15625
1322,2018-01-01,34,0,5,15746
1323,2019-01-01,34,0,5,15868
1324,2016-01-01,34,0,0,3777
1325,2017-01-01,34,0,0,3868
1326,2018-01-01,34,0,0,3924
1327,2019-01-01,34,0,0,4026
1328,2016-01-01,34,0,2,41212
1329,2017-01-01,34,0,2,41820
1330,2018-01-01,34,0,2,42051
1331,2019-01-01,34,0,2,45491
1332,2016-01-01,35,0,4,506557
1333,2017-01-01,35,0,4,505740
1334,2018-01-01,35,0,4,515048
1335,2019-01-01,35,0,4,517106
1336,2016-01-01,35,0,3,78602
1337,2017-01-01,35,0,3,77939
1338,2018-01-01,35,0,3,78721
1339,2019-01-01,35,0,3,74507
1340,2016-01-01,35,0,1,307029
1341,2017-01-01,35,0,1,312179
1342,2018-01-01,35,0,1,323565
1343,2019-01-01,35,0,1,313603
1344,2016-01-01,35,0,5,349195
1345,2017-01-01,35,0,5,360001
1346,2018-01-01,35,0,5,366859
1347,2019-01-01,35,0,5,369505
1348,2016-01-01,35,0,0,128235
1349,2017-01-01,35,0,0,129319
1350,2018-01-01,35,0,0,126976
1351,2019-01-01,35,0,0,127099
1352,2016-01-01,35,0,2,760701
1353,2017-01-01,35,0,2,763768
1354,2018-01-01,35,0,2,771376
1355,2019-01-01,35,0,2,779115
1356,2016-01-01,35,1,4,208411
1357,2017-01-01,35,1,4,210751
1358,2018-01-01,35,1,4,212857
1359,2019-01-01,35,1,4,211691
1360,2016-01-01,35,1,3,8953
1361,2017-01-01,35,1,3,8818
1362,2018-01-01,35,1,3,8882
1363,2019-01-01,35,1,3,7652
1364,2016-01-01,35,1,1,35063
1365,2017-01-01,35,1,1,34565
1366,2018-01-01,35,1,1,35376
1367,2019-01-01,35,1,1,33748
1368,2016-01-01,35,1,0,20701
1369,2017-01-01,35,1,0,20370
1370,2018-01-01,35,1,0,19424
1371,2019-01-01,35,1,0,19197
1372,2016-01-01,35,1,2,132623
1373,2017-01-01,35,1,2,133299
1374,2018-01-01,35,1,2,133201
1375,2019-01-01,35,1,2,133897
1376,2016-01-01,36,0,4,93281
1377,2017-01-01,36,0,4,92141
1378,2018-01-01,36,0,4,100973
1379,2019-01-01,36,0,4,102051
1380,2016-01-01,36,0,3,20756
1381,2017-01-01,36,0,3,20745
1382,2018-01-01,36,0,3,20304
1383,2019-01-01,36,0,3,19464
1384,2016-01-01,36,0,1,79676
1385,2017-01-01,36,0,1,79372
1386,2018-01-01,36,0,1,83274
1387,2019-01-01,36,0,1,79484
1388,2016-01-01,36,0,5,84634
1389,2017-01-01,36,0,5,91504
1390,2018-01-01,36,0,5,95735
1391,2019-01-01,36,0,5,96774
1392,2016-01-01,36,0,0,25002
1393,2017-01-01,36,0,0,25867
1394,2018-01-01,36,0,0,26509
1395,2019-01-01,36,0,0,26875
1396,2016-01-01,36,0,2,160599
1397,2017-01-01,36,0,2,161284
1398,2018-01-01,36,0,2,162298
1399,2019-01-01,36,0,2,166718
1400,2016-01-01,36,1,4,44290
1401,2017-01-01,36,1,4,44878
1402,2018-01-01,36,1,4,47627
1403,2019-01-01,36,1,4,48006
1404,2016-01-01,36,1,1,21751
1405,2017-01-01,36,1,1,23599
1406,2018-01-01,36,1,1,22376
1407,2019-01-01,36,1,1,20783
1408,2016-01-01,37,0,4,177304
1409,2017-01-01,37,0,4,178443
1410,2018-01-01,37,0,4,182502
1411,2019-01-01,37,0,4,183622
1412,2016-01-01,37,0,3,38352
1413,2017-01-01,37,0,3,39655
1414,2018-01-01,37,0,3,39585
1415,2019-01-01,37,0,3,39333
1416,2016-01-01,37,0,1,87184
1417,2017-01-01,37,0,1,88196
1418,2018-01-01,37,0,1,90037
1419,2019-01-01,37,0,1,86206
1420,2016-01-01,37,0,5,147057
1421,2017-01-01,37,0,5,152990
1422,2018-01-01,37,0,5,159217
1423,2019-01-01,37,0,5,160092
1424,2016-01-01,37,0,0,56039
1425,2017-01-01,37,0,0,56174
1426,2018-01-01,37,0,0,54097
1427,2019-01-01,37,0,0,51822
1428,2016-01-01,37,0,2,249327
1429,2017-01-01,37,0,2,254853
1430,2018-01-01,37,0,2,259770
1431,2019-01-01,37,0,2,265825
1432,2016-01-01,37,1,4,28713
1433,2017-01-01,37,1,4,28934
1434,2018-01-01,37,1,4,29217
1435,2019-01-01,37,1,4,29252
1436,2016-01-01,37,1,3,3356
1437,2017-01-01,37,1,3,3439
1438,2018-01-01,37,1,3,3518
1439,2019-01-01,37,1,3,3595
1440,2016-01-01,37,1,1,7753
1441,2017-01-01,37,1,1,7930
1442,2018-01-01,37,1,1,8072
1443,2019-01-01,37,1,1,7842
1444,2016-01-01,37,1,5,11421
1445,2017-01-01,37,1,5,11810
1446,2018-01-01,37,1,5,12709
1447,2019-01-01,37,1,5,12753
1448,2016-01-01,37,1,0,2877
1449,2017-01-01,37,1,0,2978
1450,2018-01-01,37,1,0,2997
1451,2019-01-01,37,1,0,3213
1452,2016-01-01,37,1,2,38196
1453,2017-01-01,37,1,2,38341
1454,2018-01-01,37,1,2,38352
1455,2019-01-01,37,1,2,38832
1456,2016-01-01,38,0,4,501998
1457,2017-01-01,38,0,4,505216
1458,2018-01-01,38,0,4,509826
1459,2019-01-01,38,0,4,513372
1460,2016-01-01,38,0,3,96542
1461,2017-01-01,38,0,3,95907
1462,2018-01-01,38,0,3,98558
1463,2019-01-01,38,0,3,98235
1464,2016-01-01,38,0,1,379792
1465,2017-01-01,38,0,1,381954
1466,2018-01-01,38,0,1,395035
1467,2019-01-01,38,0,1,389086
1468,2016-01-01,38,0,5,492625
1469,2017-01-01,38,0,5,498691
1470,2018-01-01,38,0,5,506233
1471,2019-01-01,38,0,5,506428
1472,2016-01-01,38,0,0,287855
1473,2017-01-01,38,0,0,293790
1474,2018-01-01,38,0,0,297702
1475,2019-01-01,38,0,0,303271
1476,2016-01-01,38,0,2,985436
1477,2017-01-01,38,0,2,1005759
1478,2018-01-01,38,0,2,1035371
1479,2019-01-01,38,0,2,1056127
1480,2016-01-01,38,1,4,88298
1481,2017-01-01,38,1,4,88518
1482,2018-01-01,38,1,4,90913
1483,2019-01-01,38,1,4,89641
1484,2016-01-01,38,1,3,5713
1485,2017-01-01,38,1,3,5546
1486,2018-01-01,38,1,3,5515
1487,2019-01-01,38,1,3,5321
1488,2016-01-01,38,1,1,22951
1489,2017-01-01,38,1,1,22508
1490,2018-01-01,38,1,1,22936
1491,2019-01-01,38,1,1,22136
1492,2016-01-01,38,1,5,20017
1493,2017-01-01,38,1,5,19346
1494,2018-01-01,38,1,5,21395
1495,2019-01-01,38,1,5,19653
1496,2016-01-01,39,0,4,42868
1497,2017-01-01,39,0,4,42751
1498,2018-01-01,39,0,4,42635
1499,2019-01-01,39,0,4,41878
1500,2016-01-01,39,0,3,9747
1501,2017-01-01,39,0,3,7947
1502,2018-01-01,39,0,3,7628
1503,2019-01-01,39,0,3,7412
1504,2016-01-01,39,0,1,36184
1505,2017-01-01,39,0,1,37949
1506,2018-01-01,39,0,1,38076
1507,2019-01-01,39,0,1,37267
1508,2016-01-01,39,0,5,41222
1509,2017-01-01,39,0,5,42254
1510,2018-01-01,39,0,5,42974
1511,2019-01-01,39,0,5,42780
1512,2016-01-01,39,0,0,30784
1513,2017-01-01,39,0,0,32148
1514,2018-01-01,39,0,0,34246
1515,2019-01-01,39,0,0,34251
1516,2016-01-01,39,0,2,89049
1517,2017-01-01,39,0,2,88837
1518,2018-01-01,39,0,2,89059
1519,2019-01-01,39,0,2,90425
1520,2016-01-01,40,0,4,197012
1521,2017-01-01,40,0,4,198868
1522,2018-01-01,40,0,4,206970
1523,2019-01-01,40,0,4,214105
1524,2016-01-01,40,0,3,32035
1525,2017-01-01,40,0,3,33139
1526,2018-01-01,40,0,3,33434
1527,2019-01-01,40,0,3,31220
1528,2016-01-01,40,0,1,102951
1529,2017-01-01,40,0,1,104548
1530,2018-01-01,40,0,1,110172
1531,2019-01-01,40,0,1,107484
1532,2016-01-01,40,0,5,129589
1533,2017-01-01,40,0,5,143460
1534,2018-01-01,40,0,5,151788
1535,2019-01-01,40,0,5,152909
1536,2016-01-01,40,0,0,41079
1537,2017-01-01,40,0,0,41284
1538,2018-01-01,40,0,0,42448
1539,2019-01-01,40,0,0,43401
1540,2016-01-01,40,0,2,198701
1541,2017-01-01,40,0,2,208576
1542,2018-01-01,40,0,2,215929
1543,2019-01-01,40,0,2,217541
1544,2016-01-01,40,1,4,51123
1545,2017-01-01,40,1,4,51412
1546,2018-01-01,40,1,4,52632
1547,2019-01-01,40,1,4,53829
1548,2016-01-01,40,1,3,1855
1549,2017-01-01,40,1,3,1851
1550,2018-01-01,40,1,3,1819
1551,2019-01-01,40,1,3,1673
1552,2016-01-01,40,1,1,9094
1553,2017-01-01,40,1,1,8935
1554,2018-01-01,40,1,1,9544
1555,2019-01-01,40,1,1,9321
1556,2016-01-01,41,0,4,18969
1557,2017-01-01,41,0,4,19515
1558,2018-01-01,41,0,4,19934
1559,2019-01-01,41,0,4,20120
1560,2016-01-01,41,0,3,4187
1561,2017-01-01,41,0,3,4173
1562,2018-01-01,41,0,3,4188
1563,2019-01-01,41,0,3,4112
1564,2016-01-01,41,0,1,26410
1565,2017-01-01,41,0,1,26407
1566,2018-01-01,41,0,1,27202
1567,2019-01-01,41,0,1,26285
1568,2016-01-01,41,0,0,6044
1569,2017-01-01,41,0,0,6021
1570,2018-01-01,41,0,0,6195
1571,2019-01-01,41,0,0,6661
1572,2016-01-01,41,0,2,42268
1573,2017-01-01,41,0,2,43541
1574,2018-01-01,41,0,2,44502
1575,2019-01-01,41,0,2,45888
1576,2016-01-01,41,1,4,24138
1577,2017-01-01,41,1,4,26090
1578,2018-01-01,41,1,4,25504
1579,2019-01-01,41,1,4,25570
1580,2016-01-01,41,1,3,2860
1581,2017-01-01,41,1,3,2853
1582,2018-01-01,41,1,3,2747
1583,2019-01-01,41,1,3,2659
1584,2016-01-01,42,0,4,256339
1585,2017-01-01,42,0,4,260146
1586,2018-01-01,42,0,4,261923
1587,2019-01-01,42,0,4,265155
1588,2016-01-01,42,0,3,52004
1589,2017-01-01,42,0,3,53322
1590,2018-01-01,42,0,3,52862
1591,2019-01-01,42,0,3,52465
1592,2016-01-01,42,0,1,155276
1593,2017-01-01,42,0,1,157233
1594,2018-01-01,42,0,1,165775
1595,2019-01-01,42,0,1,166377
1596,2016-01-01,42,0,5,194053
1597,2017-01-01,42,0,5,203333
1598,2018-01-01,42,0,5,210754
1599,2019-01-01,42,0,5,214760
1600,2016-01-01,42,0,0,69570
1601,2017-01-01,42,0,0,71927
1602,2018-01-01,42,0,0,74751
1603,2019-01-01,42,0,0,80543
1604,2016-01-01,42,0,2,363863
1605,2017-01-01,42,0,2,369681
1606,2018-01-01,42,0,2,374347
1607,2019-01-01,42,0,2,379229
1608,2016-01-01,42,1,4,103276
1609,2017-01-01,42,1,4,103950
1610,2018-01-01,42,1,4,104700
1611,2019-01-01,42,1,4,104821
1612,2016-01-01,42,1,3,5099
1613,2017-01-01,42,1,3,5368
1614,2018-01-01,42,1,3,5178
1615,2019-01-01,42,1,3,4917
1616,2016-01-01,42,1,1,21032
1617,2017-01-01,42,1,1,20446
1618,2018-01-01,42,1,1,22137
1619,2019-01-01,42,1,1,21608
1620,2016-01-01,42,1,5,19607
1621,2017-01-01,42,1,5,20320
1622,2018-01-01,42,1,5,21050
1623,2019-01-01,42,1,5,21217
1624,2016-01-01,42,1,0,9307
1625,2017-01-01,42,1,0,9536
1626,2018-01-01,42,1,0,9342
1627,2019-01-01,42,1,0,9752
1628,2016-01-01,42,1,2,57024
1629,2017-01-01,42,1,2,56961
1630,2018-01-01,42,1,2,56132
1631,2019-01-01,42,1,2,56646
1632,2016-01-01,43,0,4,814120
1633,2017-01-01,43,0,4,822013
1634,2018-01-01,43,0,4,847705
1635,2019-01-01,43,0,4,868072
1636,2016-01-01,43,0,3,239513
1637,2017-01-01,43,0,3,244882
1638,2018-01-01,43,0,3,247679
1639,2019-01-01,43,0,3,249225
1640,2016-01-01,43,0,1,930528
1641,2017-01-01,43,0,1,954782
1642,2018-01-01,43,0,1,1008412
1643,2019-01-01,43,0,1,996810
1644,2016-01-01,43,0,5,1058479
1645,2017-01-01,43,0,5,1113604
1646,2018-01-01,43,0,5,1169336
1647,2019-01-01,43,0,5,1211835
1648,2016-01-01,43,0,0,253924
1649,2017-01-01,43,0,0,270131
1650,2018-01-01,43,0,0,276667
1651,2019-01-01,43,0,0,297852
1652,2016-01-01,43,0,2,1496260
1653,2017-01-01,43,0,2,1537561
1654,2018-01-01,43,0,2,1573683
1655,2019-01-01,43,0,2,1614006
1656,2016-01-01,43,1,4,110427
1657,2017-01-01,43,1,4,111417
1658,2018-01-01,43,1,4,115884
1659,2019-01-01,43,1,4,117321
1660,2016-01-01,43,1,3,10432
1661,2017-01-01,43,1,3,10204
1662,2018-01-01,43,1,3,10099
1663,2019-01-01,43,1,3,9967
1664,2016-01-01,43,1,1,63301
1665,2017-01-01,43,1,1,63173
1666,2018-01-01,43,1,1,66670
1667,2019-01-01,43,1,1,63025
1668,2016-01-01,43,1,5,46448
1669,2017-01-01,43,1,5,48171
1670,2018-01-01,43,1,5,49749
1671,2019-01-01,43,1,5,50770
1672,2016-01-01,43,1,0,10917
1673,2017-01-01,43,1,0,11309
1674,2018-01-01,43,1,0,11620
1675,2019-01-01,43,1,0,12805
1676,2016-01-01,43,1,2,130365
1677,2017-01-01,43,1,2,131437
1678,2018-01-01,43,1,2,131052
1679,2019-01-01,43,1,2,132397
1680,2016-01-01,44,0,4,129337
1681,2017-01-01,44,0,4,132131
1682,2018-01-01,44,0,4,135470
1683,2019-01-01,44,0,4,138643
1684,2016-01-01,44,0,3,40249
1685,2017-01-01,44,0,3,42121
1686,2018-01-01,44,0,3,41645
1687,2019-01-01,44,0,3,42552
1688,2016-01-01,44,0,1,120139
1689,2017-01-01,44,0,1,120469
1690,2018-01-01,44,0,1,128122
1691,2019-01-01,44,0,1,124639
1692,2016-01-01,44,0,5,133755
1693,2017-01-01,44,0,5,140030
1694,2018-01-01,44,0,5,150497
1695,2019-01-01,44,0,5,155171
1696,2016-01-01,44,0,0,58049
1697,2017-01-01,44,0,0,63107
1698,2018-01-01,44,0,0,66139
1699,2019-01-01,44,0,0,69963
1700,2016-01-01,44,0,2,150539
1701,2017-01-01,44,0,2,154852
1702,2018-01-01,44,0,2,159208
1703,2019-01-01,44,0,2,164239
1704,2016-01-01,44,1,4,6622
1705,2017-01-01,44,1,4,7078
1706,2018-01-01,44,1,4,7478
1707,2019-01-01,44,1,4,7793
1708,2016-01-01,44,1,1,6580
1709,2017-01-01,44,1,1,6758
1710,2018-01-01,44,1,1,7533
1711,2019-01-01,44,1,1,7356
1712,2016-01-01,45,0,4,13587
1713,2017-01-01,45,0,4,13296
1714,2018-01-01,45,0,4,13313
1715,2019-01-01,45,0,4,13186
1716,2016-01-01,45,0,1,5517
1717,2017-01-01,45,0,1,5368
1718,2018-01-01,45,0,1,5379
1719,2019-01-01,45,0,1,5300
1720,2016-01-01,45,0,5,12373
1721,2017-01-01,45,0,5,13575
1722,2018-01-01,45,0,5,13794
1723,2019-01-01,45,0,5,13054
1724,2016-01-01,45,0,0,5300
1725,2017-01-01,45,0,0,5237
1726,2018-01-01,45,0,0,5212
1727,2019-01-01,45,0,0,5113
1728,2016-01-01,45,0,2,22788
1729,2017-01-01,45,0,2,23154
1730,2018-01-01,45,0,2,23205
1731,2019-01-01,45,0,2,23596
1732,2016-01-01,45,1,4,20500
1733,2017-01-01,45,1,4,20393
1734,2018-01-01,45,1,4,20421
1735,2019-01-01,45,1,4,20423
1736,2016-01-01,45,1,1,8586
1737,2017-01-01,45,1,1,8550
1738,2018-01-01,45,1,1,8857
1739,2019-01-01,45,1,1,8780
1740,2016-01-01,45,1,2,33488
1741,2017-01-01,45,1,2,32961
1742,2018-01-01,45,1,2,36554
1743,2019-01-01,45,1,2,32969
1744,2016-01-01,46,0,4,196999
1745,2017-01-01,46,0,4,198698
1746,2018-01-01,46,0,4,204180
1747,2019-01-01,46,0,4,190109
1748,2016-01-01,46,0,3,79733
1749,2017-01-01,46,0,3,80373
1750,2018-01-01,46,0,3,79512
1751,2019-01-01,46,0,3,78732
1752,2016-01-01,46,0,1,207068
1753,2017-01-01,46,0,1,210472
1754,2018-01-01,46,0,1,218819
1755,2019-01-01,46,0,1,216067
1756,2016-01-01,46,0,5,526064
1757,2017-01-01,46,0,5,540052
1758,2018-01-01,46,0,5,554421
1759,2019-01-01,46,0,5,559166
1760,2016-01-01,46,0,0,99286
1761,2017-01-01,46,0,0,102849
1762,2018-01-01,46,0,0,104842
1763,2019-01-01,46,0,0,107604
1764,2016-01-01,46,0,2,442667
1765,2017-01-01,46,0,2,449632
1766,2018-01-01,46,0,2,460252
1767,2019-01-01,46,0,2,471412
1768,2016-01-01,46,1,4,50138
1769,2017-01-01,46,1,4,50096
1770,2018-01-01,46,1,4,50059
1771,2019-01-01,46,1,4,45762
1772,2016-01-01,46,1,3,3589
1773,2017-01-01,46,1,3,3726
1774,2018-01-01,46,1,3,3810
1775,2019-01-01,46,1,3,3823
1776,2016-01-01,46,1,1,13350
1777,2017-01-01,46,1,1,12993
1778,2018-01-01,46,1,1,13318
1779,2019-01-01,46,1,1,12538
1780,2016-01-01,46,1,5,19376
1781,2017-01-01,46,1,5,19102
1782,2018-01-01,46,1,5,19568
1783,2019-01-01,46,1,5,19298
1784,2016-01-01,46,1,0,7026
1785,2017-01-01,46,1,0,7156
1786,2018-01-01,46,1,0,7485
1787,2019-01-01,46,1,0,7743
1788,2016-01-01,46,1,2,50520
1789,2017-01-01,46,1,2,50458
1790,2018-01-01,46,1,2,49660
1791,2019-01-01,46,1,2,51581
1792,2016-01-01,47,0,4,286242
1793,2017-01-01,47,0,4,279894
1794,2018-01-01,47,0,4,281661
1795,2019-01-01,47,0,4,286467
1796,2016-01-01,47,0,3,129854
1797,2017-01-01,47,0,3,136407
1798,2018-01-01,47,0,3,143460
1799,2019-01-01,47,0,3,152885
1800,2016-01-01,47,0,1,159112
1801,2017-01-01,47,0,1,160976
1802,2018-01-01,47,0,1,166914
1803,2019-01-01,47,0,1,162999
1804,2016-01-01,47,0,5,301969
1805,2017-01-01,47,0,5,311570
1806,2018-01-01,47,0,5,322425
1807,2019-01-01,47,0,5,326219
1808,2016-01-01,47,0,0,76272
1809,2017-01-01,47,0,0,78090
1810,2018-01-01,47,0,0,76309
1811,2019-01-01,47,0,0,80236
1812,2016-01-01,47,0,2,435160
1813,2017-01-01,47,0,2,444059
1814,2018-01-01,47,0,2,449488
1815,2019-01-01,47,0,2,467665
1816,2016-01-01,47,1,4,25192
1817,2017-01-01,47,1,4,25180
1818,2018-01-01,47,1,4,25656
1819,2019-01-01,47,1,4,25013
1820,2016-01-01,47,1,3,2801
1821,2017-01-01,47,1,3,2906
1822,2018-01-01,47,1,3,3066
1823,2019-01-01,47,1,3,2977
1824,2016-01-01,47,1,1,8090
1825,2017-01-01,47,1,1,8155
1826,2018-01-01,47,1,1,8287
1827,2019-01-01,47,1,1,7836
1828,2016-01-01,47,1,0,3406
1829,2017-01-01,47,1,0,3635
1830,2018-01-01,47,1,0,3390
1831,2019-01-01,47,1,0,4002
1832,2016-01-01,47,1,2,25199
1833,2017-01-01,47,1,2,27582
1834,2018-01-01,47,1,2,26151
1835,2019-01-01,47,1,2,28813
1836,2016-01-01,48,0,4,33164
1837,2017-01-01,48,0,4,32952
1838,2018-01-01,48,0,4,33464
1839,2019-01-01,48,0,4,33456
1840,2016-01-01,48,0,3,8598
1841,2017-01-01,48,0,3,7806
1842,2018-01-01,48,0,3,7727
1843,2019-01-01,48,0,3,7431
1844,2016-01-01,48,0,1,19604
1845,2017-01-01,48,0,1,19483
1846,2018-01-01,48,0,1,20143
1847,2019-01-01,48,0,1,19452
1848,2016-01-01,48,0,5,28371
1849,2017-01-01,48,0,5,29318
1850,2018-01-01,48,0,5,30558
1851,2019-01-01,48,0,5,29764
1852,2016-01-01,48,0,2,89827
1853,2017-01-01,48,0,2,90552
1854,2018-01-01,48,0,2,91196
1855,2019-01-01,48,0,2,91798
1856,2016-01-01,48,1,4,16055
1857,2017-01-01,48,1,4,16485
1858,2018-01-01,48,1,4,16148
1859,2019-01-01,48,1,4,15966
1860,2016-01-01,48,1,3,2628
1861,2017-01-01,48,1,3,2532
1862,2018-01-01,48,1,3,2380
1863,2019-01-01,48,1,3,2247
1864,2016-01-01,48,1,1,6202
1865,2017-01-01,48,1,1,6110
1866,2018-01-01,48,1,1,6154
1867,2019-01-01,48,1,1,5802
1868,2016-01-01,48,1,5,9726
1869,2017-01-01,48,1,5,9785
1870,2018-01-01,48,1,5,10168
1871,2019-01-01,48,1,5,9882
1872,2016-01-01,48,1,2,35217
1873,2017-01-01,48,1,2,35149
1874,2018-01-01,48,1,2,35026
1875,2019-01-01,48,1,2,34898
1876,2016-01-01,49,0,4,353427
1877,2017-01-01,49,0,4,354739
1878,2018-01-01,49,0,4,360016
1879,2019-01-01,49,0,4,366588
1880,2016-01-01,49,0,3,48771
1881,2017-01-01,49,0,3,48543
1882,2018-01-01,49,0,3,48019
1883,2019-01-01,49,0,3,47476
1884,2016-01-01,49,0,1,153229
1885,2017-01-01,49,0,1,153582
1886,2018-01-01,49,0,1,155656
1887,2019-01-01,49,0,1,153154
1888,2016-01-01,49,0,5,146108
1889,2017-01-01,49,0,5,148928
1890,2018-01-01,49,0,5,153271
1891,2019-01-01,49,0,5,155098
1892,2016-01-01,49,0,0,62685
1893,2017-01-01,49,0,0,63163
1894,2018-01-01,49,0,0,62227
1895,2019-01-01,49,0,0,64185
1896,2016-01-01,49,0,2,342305
1897,2017-01-01,49,0,2,346514
1898,2018-01-01,49,0,2,350907
1899,2019-01-01,49,0,2,355646
1900,2016-01-01,49,1,4,128973
1901,2017-01-01,49,1,4,130503
1902,2018-01-01,49,1,4,132701
1903,2019-01-01,49,1,4,133301
1904,2016-01-01,49,1,3,7379
1905,2017-01-01,49,1,3,7297
1906,2018-01-01,49,1,3,7088
1907,2019-01-01,49,1,3,6712
1908,2016-01-01,49,1,1,28803
1909,2017-01-01,49,1,1,28493
1910,2018-01-01,49,1,1,29104
1911,2019-01-01,49,1,1,28636
1912,2016-01-01,49,1,5,23440
1913,2017-01-01,49,1,5,23725
1914,2018-01-01,49,1,5,24360
1915,2019-01-01,49,1,5,24272
1916,2016-01-01,49,1,0,7211
1917,2017-01-01,49,1,0,7298
1918,2018-01-01,49,1,0,7078
1919,2019-01-01,49,1,0,7389
1920,2016-01-01,49,1,2,83476
1921,2017-01-01,49,1,2,83429
1922,2018-01-01,49,1,2,84029
1923,2019-01-01,49,1,2,84363
1924,2016-01-01,50,0,1,6604
1925,2017-01-01,50,0,1,7186
1926,2018-01-01,50,0,1,8393
1927,2019-01-01,50,0,1,8650
1928,2016-01-01,50,0,5,5516
1929,2017-01-01,50,0,5,5778
1930,2018-01-01,50,0,5,5955
1931,2019-01-01,50,0,5,5984
1932,2016-01-01,50,0,2,11838
1933,2017-01-01,50,0,2,11960
1934,2018-01-01,50,0,2,11994
1935,2019-01-01,50,0,2,12016
1936,2016-01-01,50,1,3,2809
1937,2017-01-01,50,1,3,2845
1938,2018-01-01,50,1,3,2847
1939,2019-01-01,50,1,3,2714
1940,2016-01-01,50,1,1,10881
1941,2017-01-01,50,1,1,11025
1942,2018-01-01,50,1,1,11702
1943,2019-01-01,50,1,1,11824
1944,2016-01-01,50,1,5,11592
1945,2017-01-01,50,1,5,11766
1946,2018-01-01,50,1,5,12490
1947,2019-01-01,50,1,5,12866
1948,2016-01-01,50,1,2,18016
1949,2017-01-01,50,1,2,18082
1950,2018-01-01,50,1,2,18643
1951,2019-01-01,50,1,2,18838
